,Weight,Screen_size,resolution1,resolution2,CPU_Brand,RAM,storage_amount,Storage_type,GPU_Brand,OS,Pred_Class
1,0.69,10.1,1920.0,1200.0,2,4,64,2,3,6,5
2,0.81,13.3,1920.0,1080.0,2,8,256,2,3,6,5
3,0.81,13.3,1920.0,1080.0,2,16,256,2,3,6,8
4,0.91,12.5,1920.0,1080.0,2,16,512,2,3,6,8
5,0.92,12.0,2304.0,1440.0,2,8,256,2,3,2,8
6,0.92,12.0,2304.0,1440.0,2,8,512,2,3,2,8
7,0.97,12.5,1920.0,1080.0,2,8,512,2,3,6,5
8,0.97,12.5,3840.0,2160.0,2,8,512,2,3,6,8
9,0.98,11.6,1366.0,768.0,2,2,32,2,3,6,5
10,0.98,14.0,1920.0,1080.0,2,8,512,2,3,6,8
11,0.99,12.5,2560.0,1440.0,2,8,512,2,3,6,8
12,1.05,13.0,2160.0,1440.0,2,8,256,2,3,6,8
13,1.05,13.0,2160.0,1440.0,2,8,512,2,3,6,8
14,1.05,13.3,1920.0,1080.0,2,4,128,2,3,6,5
15,1.05,13.3,1920.0,1080.0,2,8,256,2,3,6,5
16,1.05,13.3,1920.0,1080.0,2,16,512,2,3,6,8
17,1.05,13.3,1920.0,1080.0,2,32,512,2,3,6,8
18,1.08,11.6,1366.0,768.0,2,4,256,2,3,2,5
19,1.08,15.6,1920.0,1080.0,2,16,512,2,3,6,8
20,1.09,12.5,3840.0,2160.0,2,8,240,2,3,6,8
21,1.09,15.6,1920.0,1080.0,2,8,512,2,3,6,8
22,1.1,11.3,1920.0,1080.0,2,8,256,2,3,6,5
23,1.1,11.6,1366.0,768.0,2,2,32,2,3,6,5
27,1.1,12.5,1920.0,1080.0,2,8,512,2,3,6,5
28,1.1,13.3,1920.0,1080.0,2,8,256,2,3,6,5
29,1.1,13.3,1920.0,1080.0,2,8,1024,1,3,6,3
30,1.1,13.3,1920.0,1080.0,2,16,512,2,3,6,8
31,1.1,14.0,1920.0,1080.0,2,8,256,2,3,6,8
32,1.1,14.0,1920.0,1080.0,2,8,512,2,3,6,8
33,1.1,14.0,1920.0,1080.0,2,16,512,2,3,6,8
34,1.1,14.0,2560.0,1440.0,2,16,256,2,3,6,8
35,1.1,14.0,2560.0,1440.0,2,16,512,2,3,6,8
36,1.11,13.3,1920.0,1080.0,2,8,256,2,3,6,5
37,1.12,13.3,1920.0,1080.0,2,8,256,2,3,6,5
38,1.13,14.0,1920.0,1080.0,2,8,256,2,3,6,8
39,1.13,14.0,1920.0,1080.0,2,8,512,2,3,6,8
40,1.13,14.0,2560.0,1440.0,2,8,512,2,3,6,8
41,1.13,14.0,2560.0,1440.0,2,16,1000,2,3,6,8
42,1.14,14.0,1920.0,1080.0,2,16,512,2,3,6,8
43,1.15,11.6,1366.0,768.0,2,2,32,2,3,6,5
46,1.16,11.6,1920.0,1080.0,2,4,32,2,3,6,5
47,1.16,13.3,1920.0,1080.0,2,8,256,2,3,6,5
48,1.16,13.3,1920.0,1080.0,2,8,512,2,3,6,5
49,1.16,13.3,3200.0,1800.0,2,8,256,2,3,6,8
50,1.16,13.3,3200.0,1800.0,2,16,512,2,3,6,5
51,1.17,11.6,1366.0,768.0,2,2,32,2,3,6,5
52,1.17,14.0,2560.0,1440.0,2,8,512,2,3,6,8
53,1.17,15.0,1920.0,1080.0,2,8,256,2,3,6,5
54,1.18,12.5,1920.0,1080.0,2,16,256,2,3,6,8
55,1.19,13.3,1920.0,1080.0,2,8,512,2,3,6,5
57,1.2,11.6,1366.0,768.0,2,4,64,2,3,6,5
60,1.2,13.3,1366.0,768.0,2,8,256,2,3,6,5
61,1.2,13.3,1920.0,1080.0,2,4,32,2,3,6,5
62,1.2,13.3,1920.0,1080.0,2,4,128,2,3,6,5
63,1.2,13.3,1920.0,1080.0,2,8,256,2,3,6,5
64,1.2,13.3,1920.0,1080.0,2,8,512,2,3,6,5
65,1.2,13.3,1920.0,1080.0,2,16,512,2,3,6,8
66,1.2,13.3,3200.0,1800.0,2,8,256,2,3,6,8
67,1.2,13.3,3200.0,1800.0,2,16,512,2,3,6,5
68,1.2,13.3,3200.0,1800.0,2,16,1000,2,3,6,8
69,1.2,14.0,1920.0,1080.0,2,8,256,2,3,6,8
70,1.21,13.3,1920.0,1080.0,2,8,256,2,3,6,5
71,1.21,13.3,3840.0,2160.0,2,8,128,2,3,6,8
72,1.21,13.3,3840.0,2160.0,2,8,256,2,3,6,8
73,1.21,13.3,3840.0,2160.0,2,16,1000,2,3,6,8
74,1.22,13.3,1920.0,1080.0,2,8,128,2,3,6,5
75,1.22,13.3,1920.0,1080.0,2,16,256,2,3,6,8
76,1.22,13.3,3200.0,1800.0,2,16,512,2,3,6,5
77,1.22,14.0,1920.0,1080.0,2,4,32,2,3,6,5
79,1.23,13.3,1920.0,1080.0,2,8,256,2,3,6,5
81,1.23,13.3,3200.0,1800.0,2,8,256,2,3,6,8
82,1.23,15.0,1920.0,1080.0,2,16,256,2,4,6,7
83,1.24,13.3,1920.0,1080.0,2,8,256,2,3,6,5
84,1.24,13.3,3200.0,1800.0,2,8,256,2,3,6,8
85,1.24,13.3,3200.0,1800.0,2,8,512,2,3,6,8
86,1.24,14.0,1920.0,1080.0,2,16,512,2,3,6,8
89,1.25,11.6,1920.0,1080.0,2,4,32,2,3,6,5
90,1.25,12.5,3840.0,2160.0,2,8,256,2,3,6,8
91,1.25,13.5,2256.0,1504.0,2,8,256,2,3,6,8
92,1.25,13.5,2256.0,1504.0,2,16,512,2,3,6,8
93,1.25,14.0,1366.0,768.0,2,4,128,2,3,6,5
94,1.25,14.0,1920.0,1080.0,2,8,256,2,3,6,8
95,1.252,13.5,2256.0,1504.0,2,4,128,2,3,6,8
96,1.252,13.5,2256.0,1504.0,2,8,256,2,3,6,8
98,1.26,12.5,1366.0,768.0,2,4,256,2,3,6,5
99,1.26,12.5,1366.0,768.0,2,8,256,2,3,6,5
100,1.26,12.5,1920.0,1080.0,2,4,500,0,3,6,3
101,1.26,12.5,1920.0,1080.0,2,8,256,2,3,6,5
102,1.26,12.5,1920.0,1080.0,2,8,512,2,3,6,5
103,1.26,13.3,1920.0,1080.0,2,8,256,2,3,6,5
104,1.27,13.3,1920.0,1080.0,2,8,256,2,3,6,5
105,1.27,14.0,2560.0,1440.0,2,8,256,2,3,6,8
106,1.28,13.3,1920.0,1080.0,2,4,256,2,3,6,5
107,1.28,13.3,1920.0,1080.0,2,8,256,2,3,6,5
108,1.28,13.3,1920.0,1080.0,2,8,256,2,4,6,5
109,1.28,13.3,1920.0,1080.0,2,16,256,2,3,6,5
110,1.29,12.5,3840.0,2160.0,2,16,512,2,3,6,8
111,1.29,13.3,1920.0,1080.0,2,8,128,2,3,6,5
112,1.29,13.3,1920.0,1080.0,2,8,256,2,3,6,5
114,1.29,13.3,3200.0,1800.0,2,8,256,2,3,6,8
115,1.29,13.3,3200.0,1800.0,2,16,512,2,3,6,8
116,1.29,13.3,3840.0,2160.0,2,8,256,2,3,6,8
117,1.29,13.3,3840.0,2160.0,2,8,512,2,3,6,8
118,1.29,13.3,3840.0,2160.0,2,16,1000,2,3,6,8
120,1.3,12.5,1366.0,768.0,2,8,1000,2,3,6,6
121,1.3,12.5,1920.0,1080.0,2,8,256,2,3,6,5
122,1.3,12.5,1920.0,1080.0,2,16,512,2,3,6,5
123,1.3,13.3,1920.0,1080.0,2,8,256,2,3,6,5
125,1.3,13.3,3200.0,1800.0,2,8,256,2,3,6,8
126,1.3,13.3,3200.0,1800.0,2,16,512,2,3,6,8
127,1.3,13.3,3200.0,1800.0,2,16,1000,2,3,6,8
128,1.3,13.3,3840.0,2160.0,2,16,512,2,3,6,8
129,1.3,14.0,1366.0,768.0,2,4,128,2,3,6,5
130,1.3,14.0,1920.0,1080.0,2,4,32,2,3,6,5
131,1.3,14.0,1920.0,1080.0,2,8,256,2,4,6,7
132,1.3,14.0,1920.0,1080.0,2,16,512,2,4,6,7
133,1.31,13.3,1920.0,1080.0,2,8,256,2,3,6,5
134,1.32,13.3,1920.0,1080.0,2,4,256,2,3,6,5
135,1.32,13.3,1920.0,1080.0,2,8,256,2,3,6,5
136,1.32,14.0,1920.0,1080.0,2,8,256,2,3,6,5
137,1.32,14.0,2560.0,1440.0,2,24,512,2,3,6,8
138,1.34,12.5,1920.0,1080.0,2,8,256,2,3,6,5
139,1.34,13.3,1440.0,900.0,2,8,128,2,3,2,5
140,1.34,13.3,1440.0,900.0,2,8,256,2,3,2,5
141,1.34,13.3,1920.0,1080.0,2,8,256,2,3,6,5
142,1.34,13.3,1920.0,1080.0,2,8,512,2,3,6,5
143,1.34,13.3,3200.0,1800.0,2,8,256,2,3,6,8
145,1.35,13.3,1440.0,900.0,2,8,128,2,3,2,5
146,1.35,13.3,1440.0,900.0,2,8,256,2,3,2,5
147,1.35,13.3,1920.0,1080.0,2,4,32,2,3,6,5
148,1.36,12.5,1920.0,1080.0,2,8,256,2,3,6,5
149,1.36,12.5,1920.0,1080.0,2,16,512,2,3,6,5
150,1.36,13.3,1920.0,1080.0,2,16,512,2,3,6,5
151,1.36,14.0,1920.0,1080.0,2,8,256,2,3,6,5
152,1.36,14.0,1920.0,1080.0,2,8,512,2,3,6,3
153,1.36,14.0,2560.0,1440.0,2,8,256,2,3,6,8
154,1.36,14.0,2560.0,1440.0,2,16,512,2,3,6,8
155,1.37,13.3,1920.0,1080.0,2,8,256,2,3,6,5
156,1.37,13.3,1920.0,1080.0,2,8,512,2,3,6,5
157,1.37,13.3,2560.0,1600.0,2,8,128,2,3,2,8
158,1.37,13.3,2560.0,1600.0,2,8,256,2,3,2,8
159,1.37,13.3,2560.0,1600.0,2,8,512,2,3,2,8
160,1.37,13.9,1920.0,1080.0,2,8,512,2,3,6,3
161,1.38,13.3,1920.0,1080.0,2,8,256,2,4,6,5
162,1.38,13.9,1920.0,1080.0,2,8,256,2,3,6,5
163,1.38,14.0,1920.0,1080.0,2,16,512,2,3,6,3
164,1.39,11.6,1366.0,768.0,2,4,128,2,3,6,5
165,1.39,13.3,3200.0,1800.0,2,8,256,2,3,6,8
167,1.4,11.6,1366.0,768.0,2,4,32,2,3,6,5
168,1.4,11.6,1366.0,768.0,2,4,128,2,3,6,5
170,1.4,12.3,2736.0,1824.0,2,6,64,2,3,6,8
171,1.4,13.3,1920.0,1080.0,2,4,256,2,0,6,5
172,1.4,13.3,1920.0,1080.0,2,8,256,2,0,6,5
173,1.4,13.3,1920.0,1080.0,2,8,256,2,3,6,5
174,1.4,13.3,1920.0,1080.0,2,16,512,2,3,6,5
175,1.4,13.3,3200.0,1800.0,2,8,256,2,3,6,8
176,1.4,13.9,1920.0,1080.0,2,8,256,2,3,6,5
177,1.4,13.9,3840.0,2160.0,2,16,512,2,3,6,8
178,1.4,14.0,1920.0,1080.0,2,2,32,2,3,6,5
179,1.4,14.0,1920.0,1080.0,2,4,32,2,3,6,5
180,1.4,14.0,1920.0,1080.0,2,8,256,2,3,6,5
181,1.4,14.0,1920.0,1080.0,2,12,256,2,3,6,5
182,1.4,14.0,1920.0,1080.0,2,12,512,2,3,6,3
183,1.4,14.0,1920.0,1200.0,2,4,32,0,3,6,5
184,1.4,14.0,2560.0,1440.0,2,12,256,2,3,6,8
185,1.41,13.3,1920.0,1080.0,2,8,256,2,3,6,5
186,1.42,13.3,1920.0,1080.0,2,8,256,2,3,6,5
187,1.42,13.3,3200.0,1800.0,2,16,256,2,3,6,8
188,1.42,14.0,1366.0,768.0,2,2,32,2,3,6,5
189,1.42,14.0,2560.0,1440.0,2,8,256,2,3,6,8
190,1.42,14.0,2560.0,1440.0,2,16,512,2,3,6,8
191,1.42,14.0,2560.0,1440.0,2,16,1000,2,3,6,8
192,1.43,14.0,1366.0,768.0,2,4,32,2,3,6,5
193,1.43,14.0,1920.0,1080.0,2,8,256,2,3,6,5
194,1.44,13.3,1920.0,1080.0,2,4,128,2,3,6,5
195,1.44,13.3,1920.0,1080.0,2,4,1000,2,3,6,8
196,1.44,13.3,1920.0,1080.0,2,8,256,2,3,6,5
197,1.44,14.0,1366.0,768.0,2,2,32,2,3,6,5
198,1.44,14.0,1366.0,768.0,2,4,32,2,3,6,5
199,1.44,14.0,1366.0,768.0,2,4,64,2,3,6,5
200,1.45,11.6,1366.0,768.0,2,4,256,2,3,6,5
202,1.45,13.3,1920.0,1080.0,2,8,256,2,3,6,5
203,1.45,13.3,1920.0,1080.0,2,8,512,2,4,6,5
204,1.45,14.0,1366.0,768.0,2,2,32,2,3,6,5
206,1.45,14.0,1920.0,1080.0,2,4,32,2,3,6,5
207,1.47,11.6,1366.0,768.0,2,4,500,0,3,6,5
208,1.47,14.0,1920.0,1080.0,2,4,128,2,3,6,5
209,1.47,14.0,1920.0,1080.0,2,8,256,2,3,6,5
210,1.47,14.0,1920.0,1080.0,2,16,512,2,4,6,7
211,1.48,13.3,1920.0,1080.0,2,8,256,2,3,6,5
212,1.48,13.3,2560.0,1440.0,2,8,256,2,3,6,8
213,1.48,13.3,2560.0,1440.0,2,8,512,2,3,6,8
214,1.48,14.0,1366.0,768.0,2,4,256,2,3,6,5
215,1.48,14.0,1920.0,1080.0,2,4,256,2,3,6,5
216,1.48,14.0,1920.0,1080.0,2,8,256,2,3,6,5
217,1.48,14.0,1920.0,1080.0,2,8,512,2,3,6,3
218,1.48,14.0,1920.0,1080.0,2,8,1000,2,3,6,8
219,1.49,13.3,1366.0,768.0,2,4,500,0,3,6,5
220,1.49,13.3,1920.0,1080.0,2,4,128,2,3,6,5
221,1.49,13.3,1920.0,1080.0,2,4,500,0,3,6,3
222,1.49,13.3,1920.0,1080.0,2,8,256,2,3,6,5
223,1.49,13.3,1920.0,1080.0,2,8,512,2,3,6,5
224,1.49,13.3,1920.0,1080.0,2,16,512,2,3,6,5
225,1.5,11.6,1366.0,768.0,2,4,32,2,3,6,5
226,1.5,12.5,1366.0,768.0,2,4,128,2,3,6,5
227,1.5,12.5,1366.0,768.0,2,4,500,0,3,6,5
228,1.5,12.5,1366.0,768.0,2,8,256,2,3,6,5
229,1.5,13.3,1366.0,768.0,2,8,256,2,3,6,5
230,1.5,13.3,1920.0,1080.0,2,4,128,2,3,6,5
231,1.5,13.3,1920.0,1080.0,2,6,1000,0,3,6,3
232,1.5,13.3,1920.0,1080.0,2,8,256,2,3,6,5
233,1.5,14.0,1366.0,768.0,2,2,64,2,3,6,5
235,1.5,14.0,1366.0,768.0,2,4,32,2,3,6,5
236,1.5,14.0,1920.0,1080.0,2,4,32,2,3,6,5
237,1.5,14.0,1920.0,1080.0,2,8,128,2,3,6,5
238,1.5,14.0,1920.0,1080.0,2,8,256,2,4,6,7
240,1.5,14.0,2560.0,1440.0,2,8,256,2,3,6,8
241,1.5,15.6,1920.0,1080.0,2,16,1256,1,4,6,3
242,1.54,14.0,1920.0,1080.0,2,4,256,2,3,6,5
243,1.54,14.0,1920.0,1080.0,2,4,500,0,3,6,3
244,1.54,14.0,1920.0,1080.0,2,8,256,2,3,6,5
245,1.54,14.0,1920.0,1080.0,2,8,512,2,3,6,3
246,1.54,14.0,2560.0,1440.0,2,8,256,2,3,6,8
247,1.54,15.6,1920.0,1080.0,2,6,256,2,4,6,5
248,1.55,13.3,1920.0,1080.0,2,8,1000,0,3,6,3
249,1.56,14.0,1920.0,1080.0,2,8,256,2,3,6,5
250,1.56,15.6,1920.0,1080.0,2,8,256,2,3,6,5
251,1.58,13.3,1366.0,768.0,2,8,256,2,3,6,5
252,1.58,14.0,1920.0,1080.0,2,6,256,2,4,6,7
253,1.58,14.0,1920.0,1080.0,2,8,256,2,3,6,5
254,1.59,11.6,1366.0,768.0,2,4,128,2,3,6,5
255,1.6,12.5,1920.0,1080.0,2,8,256,2,3,6,5
256,1.6,13.3,1366.0,768.0,2,4,128,2,3,6,5
257,1.6,13.3,1920.0,1080.0,2,8,256,2,3,6,5
258,1.6,13.3,1920.0,1080.0,2,12,256,2,3,6,5
259,1.6,14.0,1366.0,768.0,2,4,128,2,3,6,5
260,1.6,14.0,1366.0,768.0,2,4,500,0,3,6,5
261,1.6,14.0,1366.0,768.0,2,8,256,2,3,6,5
262,1.6,14.0,1920.0,1080.0,2,4,32,2,3,6,5
263,1.6,14.0,1920.0,1080.0,2,4,128,2,3,6,5
264,1.6,14.0,1920.0,1080.0,2,8,128,2,3,6,5
266,1.6,14.0,1920.0,1080.0,2,8,256,2,3,6,5
267,1.6,14.0,1920.0,1080.0,2,16,1256,1,4,6,3
268,1.62,13.3,1920.0,1080.0,2,8,256,2,3,6,5
269,1.62,13.3,1920.0,1080.0,2,8,1000,0,3,6,3
270,1.62,13.3,1920.0,1080.0,2,16,512,2,3,6,5
271,1.63,11.6,1366.0,768.0,2,4,128,2,3,6,5
272,1.63,14.0,1366.0,768.0,2,4,32,2,3,6,5
273,1.63,14.0,1366.0,768.0,2,4,500,0,3,6,5
274,1.63,14.0,1920.0,1080.0,2,4,128,2,4,6,5
275,1.63,14.0,1920.0,1080.0,2,8,256,2,3,6,5
276,1.63,14.0,1920.0,1080.0,2,8,256,2,4,6,7
277,1.63,14.0,1920.0,1080.0,2,8,512,2,3,6,3
278,1.63,14.0,1920.0,1080.0,2,8,1000,0,3,6,3
279,1.63,15.6,1366.0,768.0,2,4,128,2,3,6,5
280,1.63,15.6,1920.0,1080.0,2,16,512,2,4,6,7
281,1.64,14.0,1366.0,768.0,2,4,256,2,3,6,5
282,1.64,14.0,1366.0,768.0,2,4,500,0,3,6,5
283,1.64,14.0,1920.0,1080.0,2,8,256,2,3,6,5
285,1.64,14.0,1920.0,1080.0,2,8,256,2,4,6,7
286,1.65,13.3,1366.0,768.0,2,4,128,2,3,6,5
287,1.65,13.3,1366.0,768.0,2,4,500,0,3,6,5
288,1.65,14.0,1366.0,768.0,0,2,32,2,0,6,5
289,1.65,14.0,1366.0,768.0,0,4,64,2,0,6,5
290,1.65,14.0,1920.0,1080.0,2,8,256,2,3,6,5
291,1.65,14.1,1366.0,768.0,2,4,32,2,3,6,5
292,1.68,13.3,1920.0,1080.0,2,8,256,2,3,6,5
295,1.68,15.6,1366.0,768.0,0,4,1000,0,0,6,3
296,1.7,14.0,1366.0,768.0,2,4,508,1,3,6,5
297,1.7,14.0,1920.0,1080.0,2,4,128,2,3,6,5
298,1.7,14.0,1920.0,1080.0,2,4,256,2,3,6,5
299,1.7,14.0,1920.0,1080.0,2,4,1000,2,3,6,8
301,1.7,14.0,1920.0,1080.0,2,8,256,2,3,6,5
302,1.7,14.0,1920.0,1080.0,2,8,1000,2,3,6,8
303,1.7,14.0,1920.0,1080.0,2,16,512,2,3,6,5
304,1.7,14.0,1920.0,1080.0,2,16,1256,1,4,6,3
305,1.7,14.0,2560.0,1440.0,2,8,512,2,4,6,8
306,1.7,15.6,1920.0,1080.0,2,8,256,2,4,6,7
307,1.71,13.3,1920.0,1080.0,2,4,1000,0,3,6,3
308,1.71,15.0,1920.0,1080.0,2,16,256,2,0,6,5
309,1.74,14.0,1920.0,1080.0,2,4,256,2,3,6,5
310,1.74,14.0,1920.0,1080.0,2,8,256,2,3,6,5
311,1.75,14.0,1366.0,768.0,2,4,128,2,3,6,5
312,1.75,14.0,1366.0,768.0,2,4,500,0,3,6,5
313,1.75,14.0,1920.0,1080.0,2,8,256,2,0,6,5
314,1.75,14.0,1920.0,1080.0,2,8,256,2,3,6,5
315,1.76,14.0,1366.0,768.0,2,4,500,0,3,6,5
316,1.78,15.6,1920.0,1080.0,2,8,256,2,4,6,7
317,1.78,15.6,3840.0,2160.0,2,8,256,2,4,6,8
318,1.79,14.0,1366.0,768.0,2,8,128,2,3,6,5
319,1.8,14.0,1920.0,1080.0,2,4,128,2,3,6,5
320,1.8,14.0,1920.0,1080.0,2,8,256,2,3,6,5
321,1.8,14.0,1920.0,1080.0,2,8,512,2,4,6,7
322,1.8,15.6,1366.0,768.0,2,4,500,0,3,6,5
323,1.8,15.6,1920.0,1080.0,2,4,256,2,3,6,5
324,1.8,15.6,1920.0,1080.0,2,16,512,2,4,6,5
325,1.8,15.6,1920.0,1080.0,2,16,1256,1,4,6,3
326,1.8,15.6,1920.0,1080.0,2,16,2256,1,4,6,0
327,1.8,15.6,3840.0,2160.0,2,16,2256,1,4,6,0
328,1.83,15.4,2880.0,1800.0,2,16,256,2,0,2,8
329,1.83,15.4,2880.0,1800.0,2,16,512,2,0,2,8
330,1.83,15.6,1920.0,1080.0,2,8,256,2,4,6,7
331,1.84,15.6,1920.0,1080.0,2,8,256,2,0,6,5
332,1.84,15.6,1920.0,1080.0,2,8,256,2,3,6,5
333,1.84,15.6,1920.0,1080.0,2,8,512,2,3,6,5
334,1.84,15.6,1920.0,1080.0,2,8,756,1,3,6,3
336,1.85,15.6,1920.0,1080.0,2,4,1000,0,3,6,3
337,1.86,15.6,1366.0,768.0,0,4,256,2,0,6,5
339,1.86,15.6,1366.0,768.0,0,4,500,0,0,6,5
341,1.86,15.6,1366.0,768.0,2,4,128,2,3,6,5
342,1.86,15.6,1366.0,768.0,2,4,500,0,0,6,5
344,1.86,15.6,1366.0,768.0,2,4,500,0,3,6,5
346,1.86,15.6,1366.0,768.0,2,4,1000,0,3,6,3
347,1.86,15.6,1920.0,1080.0,0,4,256,2,0,6,5
348,1.86,15.6,1920.0,1080.0,2,4,256,2,3,6,5
350,1.86,15.6,1920.0,1080.0,2,4,500,0,3,6,5
351,1.86,15.6,1920.0,1080.0,2,4,1000,0,3,6,3
353,1.86,15.6,1920.0,1080.0,2,8,256,2,3,6,5
354,1.86,15.6,1920.0,1080.0,2,8,1000,0,3,6,3
355,1.87,14.0,1920.0,1080.0,2,4,500,0,3,6,3
356,1.87,14.0,1920.0,1080.0,2,8,256,2,4,6,5
357,1.88,15.6,1366.0,768.0,2,4,500,0,3,6,5
358,1.88,15.6,1920.0,1080.0,2,8,256,2,3,6,5
359,1.88,15.6,1920.0,1080.0,2,8,512,1,3,6,5
360,1.88,15.6,1920.0,1080.0,2,16,768,1,3,6,3
361,1.89,15.6,1920.0,1080.0,2,4,64,2,3,6,5
362,1.9,14.0,1920.0,1080.0,2,8,256,2,3,6,5
364,1.9,15.6,1366.0,768.0,2,4,128,2,3,6,5
366,1.9,15.6,1366.0,768.0,2,4,500,0,3,6,5
369,1.9,15.6,1366.0,768.0,2,8,500,0,3,6,3
370,1.9,15.6,1920.0,1080.0,2,4,1000,0,3,6,3
371,1.9,15.6,1920.0,1080.0,2,8,128,2,3,6,5
372,1.9,15.6,1920.0,1080.0,2,8,256,2,0,6,5
373,1.9,15.6,1920.0,1080.0,2,8,256,2,3,6,5
374,1.9,15.6,1920.0,1080.0,2,8,500,0,0,6,3
375,1.9,15.6,1920.0,1080.0,2,8,500,0,3,6,3
376,1.9,15.6,1920.0,1080.0,2,8,1000,0,0,6,3
377,1.9,15.6,1920.0,1080.0,2,8,1128,1,0,6,6
378,1.9,15.6,1920.0,1080.0,2,8,1128,1,4,6,6
379,1.91,15.6,1366.0,768.0,0,8,128,2,0,6,5
380,1.91,15.6,1366.0,768.0,2,8,128,2,3,6,5
381,1.91,15.6,1366.0,768.0,2,8,256,2,0,6,5
382,1.91,15.6,1366.0,768.0,2,8,256,2,3,6,5
383,1.91,15.6,1920.0,1080.0,0,4,256,2,0,6,5
384,1.91,15.6,1920.0,1080.0,0,6,128,2,0,6,5
385,1.91,15.6,1920.0,1080.0,2,4,128,2,3,6,5
386,1.91,15.6,1920.0,1080.0,2,6,256,2,0,6,5
387,1.91,15.6,1920.0,1080.0,2,8,256,2,0,6,5
388,1.91,15.6,1920.0,1080.0,2,8,256,2,3,6,5
389,1.91,15.6,1920.0,1080.0,2,8,1000,0,4,6,3
390,1.91,15.6,1920.0,1080.0,2,16,1128,1,4,6,6
392,1.93,15.6,1366.0,768.0,2,4,500,0,3,6,5
393,1.93,15.6,1920.0,1080.0,2,8,256,2,4,6,5
394,1.93,15.6,1920.0,1080.0,2,16,256,2,4,6,5
395,1.93,15.6,1920.0,1080.0,2,16,512,2,3,6,5
396,1.94,14.0,1366.0,768.0,2,8,2000,0,3,6,0
397,1.95,14.0,1366.0,768.0,2,4,500,0,3,6,5
398,1.95,14.0,1920.0,1080.0,2,4,128,2,3,6,5
399,1.95,14.0,1920.0,1080.0,2,4,256,2,3,6,5
400,1.95,14.0,1920.0,1080.0,2,8,256,2,3,6,5
401,1.95,14.0,1920.0,1080.0,2,16,256,2,4,6,5
402,1.95,14.0,1920.0,1080.0,2,16,512,2,4,6,5
403,1.95,14.0,1920.0,1080.0,2,16,1000,2,4,6,8
404,1.95,15.6,1366.0,768.0,2,4,500,0,3,6,5
405,1.95,15.6,1366.0,768.0,2,8,128,2,3,6,5
406,1.95,15.6,1920.0,1080.0,0,6,256,2,0,6,5
407,1.95,15.6,1920.0,1080.0,2,8,256,2,3,6,5
409,1.95,15.6,1920.0,1080.0,2,8,512,2,3,6,5
411,1.96,14.0,1920.0,1080.0,2,8,256,2,4,6,5
413,1.96,15.6,1366.0,768.0,2,4,1000,0,3,6,3
414,1.96,15.6,1920.0,1080.0,2,8,256,2,3,6,5
417,1.98,15.6,1920.0,1080.0,2,8,1000,0,4,6,3
418,1.99,15.6,1920.0,1080.0,2,8,512,2,3,6,3
419,1.99,15.6,1920.0,1080.0,2,8,1000,0,4,6,3
420,1.99,15.6,1920.0,1080.0,2,8,1128,1,4,6,6
421,2.0,14.0,1920.0,1080.0,2,4,256,2,3,6,5
422,2.0,14.0,1920.0,1080.0,2,8,256,2,3,6,5
423,2.0,14.0,1920.0,1080.0,2,8,1256,1,3,6,3
424,2.0,15.6,1366.0,768.0,0,4,500,0,0,6,5
425,2.0,15.6,1366.0,768.0,2,4,256,2,3,6,5
427,2.0,15.6,1366.0,768.0,2,4,500,0,3,6,5
429,2.0,15.6,1366.0,768.0,2,4,1000,0,3,6,3
430,2.0,15.6,1366.0,768.0,2,8,128,2,3,6,5
431,2.0,15.6,1366.0,768.0,2,8,256,2,3,6,5
432,2.0,15.6,1366.0,768.0,2,8,1000,0,3,6,3
435,2.0,15.6,1920.0,1080.0,2,4,1000,0,3,6,3
436,2.0,15.6,1920.0,1080.0,2,6,256,2,4,6,5
437,2.0,15.6,1920.0,1080.0,2,8,8,2,4,6,5
438,2.0,15.6,1920.0,1080.0,2,8,128,2,3,6,5
439,2.0,15.6,1920.0,1080.0,2,8,256,2,0,6,5
440,2.0,15.6,1920.0,1080.0,2,8,256,2,3,6,5
441,2.0,15.6,1920.0,1080.0,2,8,256,2,4,6,3
442,2.0,15.6,1920.0,1080.0,2,8,500,0,3,6,3
443,2.0,15.6,1920.0,1080.0,2,8,512,2,4,6,3
444,2.0,15.6,1920.0,1080.0,2,8,1128,1,4,6,6
445,2.0,15.6,1920.0,1080.0,2,8,1256,1,3,6,6
446,2.0,15.6,1920.0,1080.0,2,16,512,2,3,6,5
447,2.0,15.6,3840.0,2160.0,2,8,1256,1,4,6,6
448,2.0,15.6,3840.0,2160.0,2,16,512,2,4,6,8
449,2.0,17.3,1920.0,1080.0,2,4,1000,0,4,6,3
450,2.02,14.0,1366.0,768.0,2,4,500,0,3,6,5
451,2.02,14.0,1920.0,1080.0,2,8,256,2,3,6,5
452,2.02,15.6,1920.0,1080.0,2,8,1128,1,3,6,6
453,2.02,15.6,1920.0,1080.0,2,8,2000,0,0,6,0
454,2.02,15.6,1920.0,1080.0,2,8,2128,1,0,6,0
455,2.02,15.6,1920.0,1080.0,2,8,2256,1,0,6,0
457,2.03,15.6,1366.0,768.0,0,4,1000,0,0,6,3
458,2.04,15.4,2880.0,1800.0,2,16,256,2,3,2,8
459,2.04,15.6,1366.0,768.0,0,8,2000,0,0,6,0
460,2.04,15.6,1366.0,768.0,2,4,256,2,3,6,5
461,2.04,15.6,1366.0,768.0,2,4,500,0,3,6,5
462,2.04,15.6,1366.0,768.0,2,4,1000,0,3,6,3
463,2.04,15.6,1366.0,768.0,2,6,1000,0,3,6,3
464,2.04,15.6,1366.0,768.0,2,8,1000,0,3,6,3
465,2.04,15.6,1366.0,768.0,2,8,1000,0,4,6,3
466,2.04,15.6,1366.0,768.0,2,8,2000,0,3,6,0
467,2.04,15.6,1920.0,1080.0,0,6,1000,1,0,6,6
468,2.04,15.6,1920.0,1080.0,2,4,256,2,3,6,5
469,2.04,15.6,1920.0,1080.0,2,4,500,0,3,6,5
470,2.04,15.6,1920.0,1080.0,2,6,1000,0,0,6,3
471,2.04,15.6,1920.0,1080.0,2,8,256,2,3,6,5
472,2.04,15.6,1920.0,1080.0,2,8,256,2,4,6,3
473,2.04,15.6,1920.0,1080.0,2,8,1000,0,3,6,3
474,2.04,15.6,1920.0,1080.0,2,8,1000,0,4,6,3
475,2.04,15.6,1920.0,1080.0,2,8,1128,1,4,6,6
476,2.04,15.6,3840.0,2160.0,2,8,256,2,4,6,8
477,2.05,15.6,1366.0,768.0,2,8,1000,0,3,6,3
478,2.05,15.6,1920.0,1080.0,2,4,128,2,3,6,5
479,2.05,15.6,1920.0,1080.0,2,4,500,0,3,6,5
480,2.05,15.6,1920.0,1080.0,2,8,256,2,3,6,5
481,2.06,15.6,1366.0,768.0,2,4,500,0,3,6,5
482,2.06,15.6,1920.0,1080.0,2,8,256,2,4,6,3
483,2.06,15.6,1920.0,1080.0,2,8,1000,0,3,6,3
484,2.06,15.6,1920.0,1080.0,2,16,512,2,4,6,5
485,2.06,15.6,3840.0,2160.0,2,8,256,2,4,6,8
486,2.06,15.6,3840.0,2160.0,2,12,1128,1,3,6,6
487,2.06,15.6,3840.0,2160.0,2,16,512,2,4,6,8
488,2.06,15.6,3840.0,2160.0,2,16,1000,2,4,6,6
489,2.06,15.6,3840.0,2160.0,2,32,1000,2,4,6,6
490,2.07,15.6,1366.0,768.0,2,4,500,0,3,6,5
491,2.07,15.6,1920.0,1080.0,2,4,500,0,3,6,5
492,2.08,15.0,1920.0,1080.0,2,4,500,0,3,6,3
493,2.08,15.6,1920.0,1080.0,2,4,1000,0,3,6,3
494,2.08,15.6,1920.0,1080.0,2,8,256,2,0,6,5
495,2.08,15.6,1920.0,1080.0,2,8,1000,0,3,6,3
497,2.09,15.6,1920.0,1080.0,2,8,256,2,3,6,5
498,2.09,15.6,1920.0,1080.0,2,8,500,0,3,6,3
499,2.09,15.6,1920.0,1080.0,2,16,512,2,3,6,5
500,2.1,14.0,1366.0,768.0,2,4,500,0,3,6,5
501,2.1,14.0,1366.0,768.0,2,8,1000,0,3,6,3
502,2.1,15.6,1366.0,768.0,0,4,128,2,0,6,5
503,2.1,15.6,1366.0,768.0,0,4,256,2,0,6,5
504,2.1,15.6,1366.0,768.0,0,4,500,0,0,6,5
505,2.1,15.6,1366.0,768.0,0,4,1000,0,0,6,3
506,2.1,15.6,1366.0,768.0,0,6,1000,0,0,6,3
508,2.1,15.6,1366.0,768.0,2,4,128,2,3,6,5
509,2.1,15.6,1366.0,768.0,2,4,256,2,3,6,5
511,2.1,15.6,1366.0,768.0,2,4,500,0,3,6,5
513,2.1,15.6,1366.0,768.0,2,4,1000,0,3,6,3
514,2.1,15.6,1366.0,768.0,2,8,1000,0,3,6,3
515,2.1,15.6,1920.0,1080.0,0,4,500,0,0,6,3
516,2.1,15.6,1920.0,1080.0,0,4,1000,0,0,6,3
517,2.1,15.6,1920.0,1080.0,0,6,1000,0,0,6,3
518,2.1,15.6,1920.0,1080.0,0,6,1128,1,0,6,6
519,2.1,15.6,1920.0,1080.0,2,4,128,2,3,6,5
520,2.1,15.6,1920.0,1080.0,2,4,256,2,3,6,5
521,2.1,15.6,1920.0,1080.0,2,4,500,0,0,6,5
523,2.1,15.6,1920.0,1080.0,2,4,500,0,3,6,5
524,2.1,15.6,1920.0,1080.0,2,4,1000,0,0,6,3
525,2.1,15.6,1920.0,1080.0,2,4,1000,0,3,6,3
527,2.1,15.6,1920.0,1080.0,2,4,1128,1,0,6,6
528,2.1,15.6,1920.0,1080.0,2,4,2000,1,3,6,0
529,2.1,15.6,1920.0,1080.0,2,6,1000,0,3,6,3
530,2.1,15.6,1920.0,1080.0,2,8,256,2,0,6,5
531,2.1,15.6,1920.0,1080.0,2,8,256,2,4,6,3
532,2.1,15.6,1920.0,1080.0,2,8,1000,0,0,6,3
533,2.1,15.6,1920.0,1080.0,2,8,1000,0,3,6,3
534,2.1,15.6,1920.0,1080.0,2,8,1000,0,4,6,3
535,2.1,15.6,1920.0,1080.0,2,8,1256,1,0,6,6
536,2.1,15.6,1920.0,1080.0,2,16,512,2,3,6,5
537,2.1,15.6,1920.0,1080.0,2,16,1128,1,4,6,6
538,2.1,17.3,1920.0,1080.0,2,8,1128,1,4,6,6
539,2.13,15.6,1920.0,1080.0,2,8,256,2,0,6,5
540,2.14,15.6,1366.0,768.0,2,8,1000,0,3,6,3
543,2.15,15.6,1920.0,1080.0,2,12,1000,0,3,6,3
544,2.16,15.6,1920.0,1080.0,2,8,512,2,4,6,5
545,2.16,15.6,1920.0,1080.0,2,8,1256,1,4,6,6
546,2.17,15.6,1920.0,1080.0,2,8,256,2,3,6,5
547,2.17,15.6,1920.0,1080.0,2,16,256,2,4,6,5
548,2.17,15.6,1920.0,1080.0,2,16,512,2,4,6,5
549,2.18,15.6,1366.0,768.0,2,4,128,2,3,6,5
551,2.18,15.6,1366.0,768.0,2,4,1000,0,0,6,3
553,2.18,15.6,1366.0,768.0,2,4,1000,0,3,6,3
554,2.18,15.6,1366.0,768.0,2,8,128,2,3,6,5
556,2.18,15.6,1920.0,1080.0,2,4,256,2,0,6,5
557,2.18,15.6,1920.0,1080.0,2,4,1000,0,3,6,3
558,2.18,15.6,1920.0,1080.0,2,4,1128,1,4,6,6
559,2.18,15.6,1920.0,1080.0,2,6,1000,0,4,6,3
560,2.18,15.6,1920.0,1080.0,2,8,256,2,0,6,5
561,2.18,15.6,1920.0,1080.0,2,8,256,2,3,6,5
562,2.18,15.6,1920.0,1080.0,2,8,256,2,4,6,5
563,2.18,15.6,1920.0,1080.0,2,8,1000,0,3,6,3
564,2.18,15.6,1920.0,1080.0,2,16,512,2,4,6,5
565,2.19,15.6,1366.0,768.0,0,4,500,0,0,6,5
567,2.19,15.6,1366.0,768.0,2,6,1000,0,0,6,3
568,2.19,15.6,1920.0,1080.0,2,12,512,2,3,6,5
569,2.191,15.6,1920.0,1080.0,2,8,256,2,3,6,5
570,2.2,15.6,1366.0,768.0,0,4,128,2,0,6,5
572,2.2,15.6,1366.0,768.0,0,4,500,0,0,6,5
573,2.2,15.6,1366.0,768.0,0,8,256,2,0,6,5
574,2.2,15.6,1366.0,768.0,0,8,1000,0,0,6,6
575,2.2,15.6,1366.0,768.0,2,2,500,0,3,6,5
579,2.2,15.6,1366.0,768.0,2,4,500,0,3,6,5
580,2.2,15.6,1366.0,768.0,2,4,500,0,4,6,5
581,2.2,15.6,1366.0,768.0,2,4,1000,0,0,6,3
583,2.2,15.6,1366.0,768.0,2,4,1000,0,3,6,3
584,2.2,15.6,1366.0,768.0,2,8,128,2,3,6,5
585,2.2,15.6,1366.0,768.0,2,8,256,2,3,6,5
588,2.2,15.6,1366.0,768.0,2,8,500,0,4,6,5
590,2.2,15.6,1366.0,768.0,2,8,1000,0,3,6,3
592,2.2,15.6,1366.0,768.0,2,12,1000,0,3,6,3
593,2.2,15.6,1366.0,768.0,2,12,1000,0,4,6,3
594,2.2,15.6,1920.0,1080.0,0,4,128,2,0,6,5
595,2.2,15.6,1920.0,1080.0,0,4,256,2,0,6,5
596,2.2,15.6,1920.0,1080.0,0,4,1128,1,0,6,6
597,2.2,15.6,1920.0,1080.0,0,6,256,2,0,6,5
598,2.2,15.6,1920.0,1080.0,0,12,512,2,0,6,5
599,2.2,15.6,1920.0,1080.0,0,12,2000,0,0,6,0
602,2.2,15.6,1920.0,1080.0,2,4,128,2,3,6,5
604,2.2,15.6,1920.0,1080.0,2,4,256,2,0,6,5
606,2.2,15.6,1920.0,1080.0,2,4,256,2,3,6,5
607,2.2,15.6,1920.0,1080.0,2,4,256,2,4,6,5
608,2.2,15.6,1920.0,1080.0,2,4,500,0,3,6,5
609,2.2,15.6,1920.0,1080.0,2,4,500,0,4,6,5
611,2.2,15.6,1920.0,1080.0,2,4,1000,0,0,6,3
614,2.2,15.6,1920.0,1080.0,2,4,1000,0,4,6,3
615,2.2,15.6,1920.0,1080.0,2,6,256,2,3,6,5
616,2.2,15.6,1920.0,1080.0,2,6,256,2,4,6,5
618,2.2,15.6,1920.0,1080.0,2,8,256,2,0,6,5
620,2.2,15.6,1920.0,1080.0,2,8,256,2,3,6,5
622,2.2,15.6,1920.0,1080.0,2,8,256,2,4,6,5
624,2.2,15.6,1920.0,1080.0,2,8,1000,0,0,6,3
626,2.2,15.6,1920.0,1080.0,2,8,1000,0,4,6,3
627,2.2,15.6,1920.0,1080.0,2,8,1128,1,0,6,6
628,2.2,15.6,1920.0,1080.0,2,8,1128,1,4,6,6
630,2.2,15.6,1920.0,1080.0,2,8,2128,1,0,6,0
631,2.2,15.6,1920.0,1080.0,2,16,1128,1,4,6,6
632,2.2,15.6,1920.0,1080.0,2,16,1256,1,4,6,6
633,2.2,15.6,1920.0,1080.0,2,16,2256,1,0,6,0
634,2.2,17.3,1920.0,1080.0,2,12,1128,1,4,6,6
635,2.21,15.6,1920.0,1080.0,2,12,1128,1,4,6,6
636,2.23,15.6,1366.0,768.0,2,4,500,0,3,6,5
637,2.23,15.6,1366.0,768.0,2,6,1000,0,3,6,3
638,2.23,15.6,1920.0,1080.0,0,8,256,2,0,6,5
639,2.23,15.6,1920.0,1080.0,2,4,256,2,4,6,5
640,2.23,15.6,1920.0,1080.0,2,4,1000,0,4,6,3
641,2.23,15.6,1920.0,1080.0,2,8,500,0,0,6,3
642,2.23,15.6,1920.0,1080.0,2,8,1000,0,4,6,3
643,2.23,15.6,1920.0,1080.0,2,8,1064,1,4,6,6
644,2.24,15.6,1366.0,768.0,2,4,500,0,0,6,5
645,2.24,15.6,1366.0,768.0,2,4,500,0,3,6,5
646,2.24,15.6,1920.0,1080.0,2,8,1000,0,0,6,3
647,2.24,15.6,1920.0,1080.0,2,8,1128,1,4,6,6
648,2.24,15.6,1920.0,1080.0,2,24,512,2,4,6,5
649,2.25,15.6,1366.0,768.0,2,4,500,0,0,6,5
652,2.25,15.6,1366.0,768.0,2,12,1000,0,3,6,3
654,2.25,15.6,1920.0,1080.0,2,4,1000,0,3,6,3
655,2.26,15.6,1920.0,1080.0,2,12,2512,1,4,6,0
656,2.29,15.6,1366.0,768.0,2,4,500,0,3,6,5
657,2.29,15.6,1366.0,768.0,2,8,1000,0,3,6,3
658,2.3,15.6,1366.0,768.0,2,4,128,2,0,6,5
659,2.3,15.6,1366.0,768.0,2,4,128,2,3,6,5
660,2.3,15.6,1366.0,768.0,2,4,256,2,3,6,5
661,2.3,15.6,1366.0,768.0,2,4,500,0,3,6,5
662,2.3,15.6,1366.0,768.0,2,4,1000,0,3,6,3
663,2.3,15.6,1366.0,768.0,2,6,1000,0,3,6,3
665,2.3,15.6,1366.0,768.0,2,8,1000,0,3,6,3
667,2.3,15.6,1366.0,768.0,2,12,1000,0,3,6,3
669,2.3,15.6,1920.0,1080.0,2,4,256,2,0,6,5
670,2.3,15.6,1920.0,1080.0,2,4,500,0,0,6,5
671,2.3,15.6,1920.0,1080.0,2,4,1000,0,4,6,3
672,2.3,15.6,1920.0,1080.0,2,8,128,0,3,6,3
674,2.3,15.6,1920.0,1080.0,2,8,256,2,3,6,5
675,2.3,15.6,1920.0,1080.0,2,8,256,2,4,6,5
676,2.3,15.6,1920.0,1080.0,2,8,1000,0,3,6,3
678,2.3,15.6,1920.0,1080.0,2,8,1128,1,4,6,6
679,2.3,15.6,1920.0,1080.0,2,12,2000,0,4,6,0
680,2.3,15.6,1920.0,1080.0,2,16,256,2,0,6,5
681,2.3,15.6,1920.0,1080.0,2,16,1000,0,0,6,3
682,2.3,15.6,3840.0,2160.0,2,16,512,2,4,6,8
683,2.3,15.6,3840.0,2160.0,2,16,2512,1,4,6,0
684,2.31,14.0,1366.0,768.0,2,4,500,0,3,6,5
685,2.31,14.0,1366.0,768.0,2,8,256,2,3,6,5
686,2.31,15.6,1366.0,768.0,2,4,500,0,3,6,5
687,2.31,15.6,1920.0,1080.0,2,4,500,0,3,6,5
688,2.31,15.6,1920.0,1080.0,2,8,256,2,3,6,5
689,2.31,15.6,1920.0,1080.0,2,8,512,2,3,6,5
691,2.32,15.6,1920.0,1080.0,2,4,1000,1,3,6,6
693,2.32,15.6,1920.0,1080.0,2,8,1000,1,0,6,6
694,2.32,15.6,1920.0,1080.0,2,16,2000,0,0,6,0
696,2.33,15.6,1920.0,1080.0,2,8,256,2,0,6,5
697,2.33,15.6,1920.0,1080.0,2,8,1128,1,0,6,6
698,2.34,15.6,1920.0,1080.0,2,16,1256,1,4,6,6
699,2.36,15.6,1366.0,768.0,2,8,1000,0,0,6,3
700,2.36,15.6,1366.0,768.0,2,8,2000,0,3,6,0
701,2.36,15.6,1920.0,1080.0,2,8,256,2,0,6,5
702,2.36,15.6,1920.0,1080.0,2,8,1000,0,0,6,3
703,2.36,15.6,1920.0,1080.0,2,8,1128,1,0,6,6
705,2.36,17.3,1600.0,900.0,2,4,1000,0,0,6,3
706,2.37,15.6,1366.0,768.0,2,4,256,2,3,6,5
707,2.37,15.6,1366.0,768.0,2,4,1000,0,3,6,3
708,2.37,15.6,1920.0,1080.0,2,8,256,2,3,6,5
709,2.37,15.6,1920.0,1080.0,2,8,1000,0,3,6,3
710,2.38,15.6,1366.0,768.0,2,4,500,0,3,6,5
711,2.4,12.5,1366.0,768.0,2,4,128,2,3,6,5
712,2.4,15.6,1366.0,768.0,0,4,500,0,0,6,5
713,2.4,15.6,1366.0,768.0,0,8,1000,0,0,6,6
715,2.4,15.6,1366.0,768.0,2,4,500,0,3,6,5
716,2.4,15.6,1366.0,768.0,2,4,1000,0,3,6,3
717,2.4,15.6,1920.0,1080.0,0,6,1000,0,0,6,3
718,2.4,15.6,1920.0,1080.0,2,4,1000,0,3,6,3
719,2.4,15.6,1920.0,1080.0,2,4,1000,0,4,6,3
720,2.4,15.6,1920.0,1080.0,2,6,128,2,4,6,5
721,2.4,15.6,1920.0,1080.0,2,6,256,2,4,6,5
722,2.4,15.6,1920.0,1080.0,2,6,1000,0,3,6,3
724,2.4,15.6,1920.0,1080.0,2,8,256,2,4,6,5
726,2.4,15.6,1920.0,1080.0,2,8,1000,0,4,6,3
728,2.4,15.6,1920.0,1080.0,2,8,1128,1,4,6,6
730,2.4,15.6,1920.0,1080.0,2,8,1256,1,4,6,6
731,2.4,15.6,1920.0,1080.0,2,12,1128,1,4,6,6
732,2.4,15.6,1920.0,1080.0,2,16,256,2,4,6,5
734,2.4,15.6,1920.0,1080.0,2,16,512,2,4,6,5
735,2.4,15.6,1920.0,1080.0,2,16,1256,1,4,6,6
736,2.4,15.6,1920.0,1080.0,2,16,2256,1,4,6,0
737,2.4,17.3,3840.0,2160.0,2,16,512,2,4,6,8
738,2.43,17.3,1920.0,1080.0,2,16,1256,1,4,6,6
739,2.43,17.3,1920.0,1080.0,2,16,2256,1,4,6,0
740,2.43,17.3,3840.0,2160.0,2,16,2512,1,4,6,0
742,2.45,15.6,1920.0,1080.0,0,8,1000,0,0,6,3
743,2.5,15.6,1366.0,768.0,2,8,1000,0,0,6,3
744,2.5,15.6,1920.0,1080.0,0,16,1512,1,0,6,6
746,2.5,15.6,1920.0,1080.0,2,8,256,2,4,6,5
748,2.5,15.6,1920.0,1080.0,2,8,1000,1,0,6,6
749,2.5,15.6,1920.0,1080.0,2,8,1128,1,4,6,6
750,2.5,15.6,1920.0,1080.0,2,16,256,2,4,6,5
751,2.5,15.6,1920.0,1080.0,2,16,512,2,4,6,5
752,2.5,15.6,1920.0,1080.0,2,16,1000,1,0,6,6
753,2.5,15.6,1920.0,1080.0,2,16,1128,1,4,6,6
754,2.5,15.6,1920.0,1080.0,2,16,1256,1,4,6,6
755,2.5,15.6,3840.0,2160.0,2,16,512,2,4,6,8
756,2.5,15.6,3840.0,2160.0,2,16,1000,2,4,6,6
757,2.5,15.6,3840.0,2160.0,2,32,1000,2,4,6,6
758,2.5,17.3,1600.0,900.0,2,8,256,2,3,6,5
759,2.5,17.3,1920.0,1080.0,2,4,256,2,0,6,5
760,2.5,17.3,1920.0,1080.0,2,8,256,2,3,6,5
761,2.5,17.3,1920.0,1080.0,2,8,256,2,4,6,5
762,2.5,17.3,1920.0,1080.0,2,8,1000,0,4,6,6
763,2.5,17.3,1920.0,1080.0,2,8,1128,1,4,6,6
764,2.5,17.3,1920.0,1080.0,2,16,512,2,4,6,5
765,2.54,17.3,1600.0,900.0,2,8,1000,0,3,6,3
766,2.56,15.6,1920.0,1080.0,2,8,256,2,4,6,5
767,2.56,15.6,1920.0,1080.0,2,8,1000,0,4,6,3
768,2.56,15.6,1920.0,1080.0,2,8,1128,1,4,6,6
769,2.56,15.6,1920.0,1080.0,2,16,512,2,4,6,5
770,2.59,15.6,1920.0,1080.0,2,8,256,2,4,6,5
771,2.59,15.6,1920.0,1080.0,2,16,1000,0,4,6,3
772,2.59,15.6,1920.0,1080.0,2,16,1128,1,4,6,6
773,2.591,15.6,1920.0,1080.0,2,8,1256,1,4,6,6
774,2.6,15.6,1920.0,1080.0,2,8,256,2,4,6,5
775,2.6,15.6,1920.0,1080.0,2,8,1000,0,4,6,3
776,2.6,15.6,1920.0,1080.0,2,8,1128,1,4,6,6
777,2.6,15.6,1920.0,1080.0,2,16,256,2,4,6,5
778,2.6,15.6,1920.0,1080.0,2,16,1128,1,4,6,6
779,2.6,17.0,1600.0,900.0,0,8,1000,0,0,6,6
780,2.6,17.3,1600.0,900.0,0,4,128,2,0,6,5
781,2.6,17.3,1920.0,1080.0,2,8,256,2,4,6,5
782,2.62,15.6,1920.0,1080.0,2,8,256,2,4,6,5
784,2.62,15.6,1920.0,1080.0,2,8,1000,0,4,6,3
785,2.62,15.6,1920.0,1080.0,2,8,1000,1,4,6,6
786,2.62,15.6,1920.0,1080.0,2,8,1128,1,4,6,6
787,2.62,15.6,1920.0,1080.0,2,12,1128,1,4,6,6
788,2.62,15.6,1920.0,1080.0,2,16,1256,1,4,6,6
789,2.62,15.6,3840.0,2160.0,2,8,1128,1,4,6,6
790,2.62,15.6,3840.0,2160.0,2,16,512,2,4,6,8
791,2.62,17.3,1920.0,1080.0,2,12,1000,0,4,6,3
792,2.63,17.3,1600.0,900.0,2,8,1000,0,4,6,3
793,2.63,17.3,1920.0,1080.0,2,8,256,2,4,6,5
794,2.63,17.3,1920.0,1080.0,2,8,1000,0,4,6,6
795,2.65,15.6,1366.0,768.0,2,4,1000,0,3,6,3
796,2.65,15.6,1920.0,1080.0,2,8,256,2,4,6,5
797,2.65,15.6,1920.0,1080.0,2,8,1000,0,4,6,3
798,2.65,15.6,1920.0,1080.0,2,8,1000,1,4,6,6
799,2.65,15.6,1920.0,1080.0,2,16,1128,1,4,6,6
800,2.65,15.6,1920.0,1080.0,2,16,1256,1,4,6,6
801,2.65,15.6,3840.0,2160.0,2,16,1512,1,4,6,6
802,2.65,17.3,1600.0,900.0,2,8,1000,0,3,6,3
803,2.65,17.3,1920.0,1080.0,0,6,2000,0,0,6,0
804,2.67,15.6,1920.0,1080.0,2,8,256,2,3,6,5
805,2.67,15.6,1920.0,1080.0,2,8,256,2,4,6,5
806,2.67,15.6,1920.0,1080.0,2,8,512,2,4,6,5
807,2.69,17.3,1920.0,1080.0,2,8,756,1,4,6,6
809,2.7,15.6,1920.0,1080.0,2,8,1128,1,4,6,6
810,2.7,17.3,1920.0,1080.0,2,8,256,2,4,6,5
811,2.7,17.3,1920.0,1080.0,2,8,1128,1,4,6,6
812,2.7,17.3,1920.0,1080.0,2,8,1256,1,4,6,6
813,2.7,17.3,1920.0,1080.0,2,16,1256,1,4,6,6
814,2.71,17.3,1920.0,1080.0,0,4,500,0,0,6,3
815,2.71,17.3,1920.0,1080.0,0,6,2000,0,0,6,0
816,2.71,17.3,1920.0,1080.0,2,6,2000,0,0,6,0
817,2.72,15.6,3840.0,2160.0,2,16,1128,1,4,6,6
818,2.73,17.3,1920.0,1080.0,2,8,1128,1,4,6,6
819,2.73,17.3,1920.0,1080.0,2,16,1256,1,4,6,6
820,2.73,17.3,1920.0,1080.0,2,16,1512,1,4,6,6
821,2.75,17.3,1920.0,1080.0,2,8,1128,1,4,6,6
822,2.77,17.3,1920.0,1080.0,2,12,1000,0,4,6,3
823,2.77,17.3,1920.0,1080.0,2,16,512,2,4,6,5
824,2.79,17.3,1600.0,900.0,2,4,1000,0,4,6,3
825,2.8,14.0,2560.0,1440.0,2,16,512,2,3,6,8
826,2.8,15.6,1920.0,1080.0,2,16,1256,1,4,6,6
827,2.8,15.6,3840.0,2160.0,2,16,1256,1,4,6,6
828,2.8,17.3,1366.0,768.0,2,4,1000,0,4,6,3
829,2.8,17.3,1600.0,900.0,0,4,500,0,0,6,5
830,2.8,17.3,1600.0,900.0,0,8,1000,0,0,6,6
831,2.8,17.3,1600.0,900.0,2,4,1000,0,3,6,3
832,2.8,17.3,1600.0,900.0,2,4,1000,0,4,6,3
833,2.8,17.3,1600.0,900.0,2,6,1000,0,4,6,3
834,2.8,17.3,1600.0,900.0,2,6,1128,1,4,6,6
840,2.8,17.3,1920.0,1080.0,2,8,1128,1,0,6,6
842,2.8,17.3,1920.0,1080.0,2,16,1256,1,4,6,6
843,2.8,17.3,1920.0,1080.0,2,16,2256,1,0,6,0
845,2.9,17.3,1920.0,1080.0,2,8,1128,1,4,6,6
846,2.9,17.3,1920.0,1080.0,2,16,1000,0,4,6,3
847,2.9,17.3,1920.0,1080.0,2,16,1256,1,4,6,6
848,2.9,17.3,1920.0,1080.0,2,16,1512,1,4,6,6
849,2.94,15.6,1920.0,1080.0,2,16,1256,1,4,6,6
850,2.99,17.3,1920.0,1080.0,2,16,1256,1,4,6,6
851,3.0,15.6,1920.0,1080.0,2,8,256,2,4,6,7
852,3.0,17.3,1600.0,900.0,2,8,1000,0,0,6,3
853,3.0,17.3,1920.0,1080.0,2,4,256,2,4,6,5
854,3.0,17.3,1920.0,1080.0,2,4,1000,0,4,6,3
855,3.0,17.3,1920.0,1080.0,2,8,256,2,4,6,7
856,3.0,17.3,1920.0,1080.0,2,8,1000,0,0,6,3
857,3.0,17.3,1920.0,1080.0,2,8,1000,0,4,6,6
858,3.0,17.3,1920.0,1080.0,2,8,1128,1,4,6,6
860,3.0,17.3,1920.0,1080.0,2,16,256,2,4,6,5
861,3.0,17.3,1920.0,1080.0,2,16,1256,1,4,6,6
862,3.14,15.6,1920.0,1080.0,2,8,256,2,4,6,7
863,3.14,17.3,1600.0,900.0,2,8,500,0,4,6,5
864,3.14,17.3,1920.0,1080.0,2,8,500,0,4,6,3
865,3.2,15.6,1920.0,1080.0,2,8,1000,0,4,6,3
866,3.2,15.6,1920.0,1080.0,2,8,1256,1,4,6,6
867,3.2,15.6,1920.0,1080.0,2,16,1256,1,4,6,6
868,3.2,15.6,1920.0,1080.0,2,16,1512,1,4,6,6
869,3.2,17.3,1920.0,1080.0,0,8,1256,1,0,6,6
870,3.2,17.3,1920.0,1080.0,0,16,1256,1,0,6,6
871,3.21,15.6,1920.0,1080.0,2,16,1128,1,4,6,6
872,3.21,15.6,1920.0,1080.0,2,16,1256,1,4,6,6
873,3.21,15.6,3840.0,2160.0,2,16,1256,1,4,6,6
874,3.25,17.3,1920.0,1080.0,0,16,1256,1,0,6,6
875,3.3,17.3,1600.0,900.0,2,4,1000,0,4,6,3
876,3.3,17.3,1600.0,900.0,2,8,1000,0,4,6,3
877,3.31,15.6,1920.0,1080.0,2,8,1128,1,4,6,6
878,3.31,15.6,1920.0,1080.0,2,16,512,2,4,6,5
879,3.35,17.3,1920.0,1080.0,2,8,1128,1,4,6,6
880,3.35,17.3,1920.0,1080.0,2,12,1256,1,4,6,6
881,3.35,17.3,1920.0,1080.0,2,16,1256,1,4,6,6
882,3.4,17.3,1920.0,1080.0,2,8,256,2,4,6,7
883,3.42,17.3,1920.0,1080.0,2,16,256,2,4,6,5
884,3.49,15.6,1920.0,1080.0,2,16,1256,1,4,6,6
885,3.49,17.3,3840.0,2160.0,2,32,512,2,4,6,8
886,3.49,17.3,3840.0,2160.0,2,32,1000,2,4,6,8
887,3.52,17.3,1920.0,1080.0,2,8,1128,1,4,6,6
888,3.58,17.3,1920.0,1080.0,2,32,512,1,4,6,5
889,3.58,17.3,1920.0,1080.0,2,64,1000,2,4,6,7
890,3.6,17.3,1920.0,1080.0,2,16,256,2,4,6,5
891,3.74,17.3,1920.0,1080.0,2,12,1000,0,0,6,3
892,3.78,17.3,1920.0,1080.0,2,12,1000,0,4,6,3
893,3.78,17.3,1920.0,1080.0,2,16,1256,1,4,6,6
894,3.8,17.3,1920.0,1080.0,2,32,512,2,4,6,5
896,4.0,17.3,1920.0,1080.0,2,16,1128,1,4,6,6
897,4.14,17.3,1920.0,1080.0,2,16,1128,1,4,6,6
898,4.14,17.3,1920.0,1080.0,2,16,1512,1,4,6,6
899,4.2,17.3,1920.0,1080.0,2,16,1128,1,4,6,6
900,4.2,17.3,1920.0,1080.0,2,16,1256,1,4,6,6
901,4.3,17.3,1920.0,1080.0,2,16,1128,1,4,6,6
902,4.3,17.3,1920.0,1080.0,2,16,1256,1,4,6,6
903,4.3,17.3,1920.0,1080.0,2,16,1512,1,4,6,6
904,4.33,17.3,1920.0,1080.0,2,24,1256,1,4,6,6
905,4.36,17.3,1920.0,1080.0,2,16,1128,1,4,6,6
906,4.36,17.3,2560.0,1440.0,2,16,1512,1,4,6,6
907,4.36,17.3,3840.0,2160.0,2,16,1512,1,4,6,6
908,4.36,17.3,3840.0,2160.0,2,32,2000,1,4,6,0
909,4.4,18.4,1920.0,1080.0,2,32,1512,1,4,6,6
910,4.42,15.6,3840.0,2160.0,2,16,1256,1,4,6,6
911,4.42,17.3,1920.0,1080.0,2,8,1000,0,4,6,6
912,4.42,17.3,1920.0,1080.0,2,16,1128,1,4,6,6
913,4.42,17.3,1920.0,1080.0,2,16,1256,1,4,6,6
914,4.42,17.3,1920.0,1080.0,2,32,1256,1,4,6,6
915,4.42,17.3,1920.0,1080.0,2,32,1512,1,4,6,6
916,4.42,17.3,1920.0,1080.0,2,32,2000,1,4,6,0
917,4.42,17.3,2560.0,1440.0,2,16,1256,1,4,6,6
918,4.42,17.3,3840.0,2160.0,2,32,1512,1,4,6,6
919,4.5,17.3,1920.0,1080.0,2,16,1128,1,4,6,6
920,4.6,17.3,1920.0,1080.0,2,16,1128,1,4,6,6
921,4.6,17.3,1920.0,1080.0,2,16,1256,1,4,6,6
922,4.6,17.3,1920.0,1080.0,2,32,1256,1,4,6,6
923,4.6,17.3,1920.0,1080.0,2,32,1512,1,4,6,6
924,4.7,17.3,1920.0,1080.0,2,32,1512,1,4,6,6
