,Model_Name,Manufacturer_ID,Category_ID,Screen_Size,Screen_Type_ID,RAM,CPU_ID,GPU_ID,SSD_Storage,HDD_Storage,Weight,OS_ID,OS_Version_ID,ID
0,Vostro 3568,2,5,15.6,10,8,2,66,256,0,2.18,3,3,1
1,Yoga 720-13IKB,14,6,13.3,24,8,2,8,256,0,1.3,3,3,2
2,IdeaPad Y700-15ISK,14,5,15.6,31,8,81,46,0,1000,2.6,3,3,3
3,Inspiron 5370,2,4,13.3,31,8,31,21,256,0,1.4,3,3,4
4,Aspire E5-576G,4,5,15.6,10,4,2,19,256,0,2.23,3,3,5
5,IdeaPad Y700-15ACZ,14,3,15.6,31,16,74,28,512,1000,2.5,3,3,6
6,IdeaPad 320-15IKB,14,5,15.6,10,4,84,102,0,1000,2.2,3,3,7
7,ThinkPad E570,14,5,15.6,31,8,2,8,0,1000,2.3,3,3,8
8,Precision 3510,2,1,15.6,10,8,48,95,0,500,2.23,3,3,9
9,Legion Y520-15IKBN,14,3,15.6,31,4,54,42,0,1000,2.4,3,3,10
10,Probook 440,7,5,14.0,10,8,31,12,512,0,1.63,3,3,11
11,LifeBook A556,18,5,15.6,16,4,3,53,256,0,2.3,3,3,12
12,Chromebook X360,7,6,11.6,9,8,62,13,64,0,1.4,5,1,13
13,SP714-51 (i7-7Y75/8GB/256GB/FHD/W10),4,6,14.0,24,8,69,47,256,0,1.2,3,3,14
14,Vostro 5568,2,5,15.6,10,8,84,93,0,1000,1.98,3,3,15
15,VivoBook Pro,19,5,17.3,10,8,31,4,128,1000,2.1,3,3,16
16,Latitude 5480,2,5,14.0,10,8,2,71,128,0,1.6,3,3,17
17,15-AC110nv (i7-6500U/6GB/1TB/Radeon,7,5,15.6,16,6,25,26,0,1000,2.19,3,3,18
18,FX753VD-GC007T (i7-7700HQ/8GB/1TB,19,3,17.3,10,8,54,42,128,1000,3.0,3,3,19
19,GV62 7RD-1686NL,17,3,15.6,10,8,43,42,256,0,2.2,3,3,20
20,Vostro 3568,2,5,15.6,16,4,113,72,0,1000,2.18,3,3,21
21,Yoga 500-14ISK,14,6,14.0,24,4,25,53,128,0,1.8,3,3,22
22,Spectre X360,7,4,13.3,31,8,84,8,256,0,1.32,3,3,23
23,Inspiron 7570,2,4,15.6,31,8,58,19,128,1000,1.9,3,3,24
24,Inspiron 5568,2,6,15.6,24,4,19,53,0,1000,2.08,3,3,25
25,Pro P2540UA-AB51,19,5,15.6,10,8,2,8,0,1000,2.37,3,3,26
26,IdeaPad Y700-15ISK,14,3,15.6,31,8,81,11,128,1000,3.31,3,3,27
27,Inspiron 5767,2,5,17.3,10,8,84,1,0,1000,2.83,2,1,28
28,Envy 13-AB002nv,7,4,13.3,31,8,84,8,512,0,1.34,3,3,29
29,EliteBook 1040,7,5,14.0,10,8,3,53,256,0,1.43,3,5,30
30,Probook 430,7,5,13.3,10,16,31,12,512,0,1.49,3,3,31
31,GV62M 7RD,17,3,15.6,10,8,43,42,256,0,2.2,3,3,32
32,Omen 15-ce006nv,7,3,17.3,10,12,54,103,0,1000,2.62,3,3,33
33,Inspiron 5770,2,5,17.3,10,16,31,21,256,2000,2.8,3,3,34
34,Inspiron 5567,2,5,15.6,10,16,84,1,0,2000,2.32,3,3,35
35,Latitude 5580,2,5,15.6,16,4,59,8,0,500,1.93,3,3,36
36,Yoga 920-13IKB,14,6,13.9,24,8,31,12,512,0,1.37,3,3,37
37,Thinkpad P51,14,5,15.6,10,8,26,18,256,0,2.67,3,3,38
38,Omen 17-an012dx,7,3,17.3,31,12,54,24,0,1000,3.74,3,3,39
39,Inspiron 5577,2,3,15.6,10,8,43,42,256,0,2.56,3,3,40
40,IdeaPad 110-17ACL,14,5,17.3,1,4,75,52,128,0,2.6,3,3,41
41,Tecra Z40-C-12Z,3,5,14.0,31,8,3,53,256,0,1.47,3,3,42
42,"MacBook 12""",5,4,12.0,40,8,70,7,256,0,0.92,6,4,43
43,Latitude E5570,2,5,15.6,10,8,118,53,256,0,2.09,3,5,44
44,Omen 15-ce007nv,7,3,15.6,31,12,54,42,128,1000,2.62,3,3,45
45,17-ak002nv (A10-9620P/6GB/2TB/Radeon,7,5,17.3,31,6,11,21,0,2000,2.71,3,3,46
46,V330-15IKB (i5-8250U/4GB/256GB/FHD/W10),14,5,15.6,10,4,58,12,256,0,1.8,3,3,47
47,ProBook 450,7,5,15.6,10,4,41,8,0,500,2.04,3,3,48
48,17-ak001nv (A6-9220/4GB/500GB/Radeon,7,5,17.3,10,4,7,21,0,500,2.71,3,3,49
49,Notebook 9,1,6,15.0,23,16,84,59,256,0,1.71,3,3,50
50,IdeaPad 510s-14IKB,14,5,14.0,31,8,84,62,512,0,1.5,1,1,51
51,XPS 13,2,4,13.3,24,8,2,8,128,0,1.29,3,3,52
52,Probook 470,7,5,17.3,10,8,31,61,256,0,2.5,3,3,53
53,GP72VR Leopard,17,3,17.3,10,8,54,103,128,1000,2.7,3,3,54
54,Tecra Z40-C-12X,3,5,14.0,31,4,3,53,128,0,1.47,3,3,55
55,Inspiron 3179,2,6,11.6,9,4,87,47,128,0,1.39,3,3,56
56,Satellite Pro,3,5,15.6,16,8,25,48,0,500,2.2,3,3,57
57,Aspire A517-51G,4,5,17.3,31,8,58,32,256,0,3.0,3,3,58
58,V330-15IKB (i5-8250U/8GB/256GB/FHD/W10),14,5,15.6,10,8,58,12,256,0,2.05,3,3,59
59,EliteBook 840,7,5,14.0,10,4,3,53,0,500,1.54,3,3,60
60,Vostro 5471,2,4,14.0,10,8,58,12,256,0,1.7,3,3,61
61,Legion Y520-15IKBN,14,3,15.6,31,8,54,42,128,1000,2.5,3,3,62
62,ProBook 450,7,5,15.6,11,8,31,12,0,1000,2.1,3,3,63
63,Aspire ES1-523,4,5,15.6,16,4,75,52,0,500,2.4,3,3,64
64,Legion Y520-15IKBN,14,3,15.6,31,8,54,43,128,1000,2.5,3,3,65
65,Inspiron 7567,2,3,15.6,10,8,43,42,256,0,2.62,3,3,66
66,Yoga 910-13IKB,14,6,13.9,24,8,84,8,256,0,1.38,3,3,67
67,Satellite Pro,3,5,15.6,31,8,2,8,0,500,2.0,3,3,68
68,Inspiron 5570,2,5,15.6,10,8,31,21,256,0,2.2,3,3,69
69,Vostro 3568,2,5,15.6,16,4,41,8,0,1000,2.18,3,3,70
70,Aspire F5-573G,4,5,15.6,10,8,2,81,256,1000,2.4,3,3,71
71,MateBook X,16,4,13.0,18,8,84,8,512,0,1.05,3,3,72
72,Probook 640,7,5,14.0,10,8,3,53,256,0,1.95,3,5,73
73,G701VO-IH74K (i7-6820HK/32GB/2x,19,3,17.3,31,32,111,56,512,0,3.58,3,3,74
74,Leopard GP72M,17,3,17.3,10,8,54,43,256,0,2.7,3,3,75
75,IdeaPad 720S-13IKB,14,5,13.3,31,8,2,8,256,0,1.1,3,3,76
76,ProBook 650,7,5,14.0,16,4,2,8,0,500,2.31,3,3,77
77,Yoga 730,14,6,13.3,24,8,31,12,512,0,1.19,3,3,78
78,Omen 15-AX205na,7,3,15.6,31,8,54,42,128,1000,2.2,3,3,79
79,ZenBook UX310UQ-GL026T,19,4,13.3,31,8,3,97,512,0,1.45,3,3,80
80,Yoga 900-13ISK,14,6,13.3,15,16,25,53,512,0,1.3,3,3,81
81,Surface Laptop,9,4,13.5,27,4,53,47,128,0,1.252,3,2,82
82,Latitude 5480,2,5,14.0,10,8,88,65,256,0,1.64,3,3,83
83,Portege X30-D-10X,3,5,13.3,10,4,2,8,128,0,1.05,3,3,84
84,Inspiron 3567,2,5,15.6,10,4,45,5,256,0,2.2,3,3,85
85,Latitude 5580,2,5,15.6,10,8,2,8,128,0,1.9,3,3,86
86,ProBook 440,7,5,14.0,10,8,84,65,256,0,1.64,3,3,87
87,Mi Notebook,8,5,15.6,31,16,31,32,256,0,1.95,1,1,88
88,Thinkpad E570,14,5,15.6,10,8,2,8,256,0,2.3,3,3,89
89,Tecra A40-C-1DF,3,5,14.0,10,8,3,53,256,0,1.95,3,3,90
90,IdeaPad 110-15ISK,14,5,15.6,10,4,45,5,0,1000,2.2,1,1,91
91,Inspiron 7567,2,3,15.6,10,16,54,43,256,1000,2.62,3,3,92
92,Rog GL702VM-GC017T,19,3,17.3,10,16,81,103,512,1000,2.73,3,3,93
93,Inspiron 5570,2,5,15.6,10,8,31,21,128,1000,2.36,3,3,94
94,Legion Y520-15IKBN,14,3,15.6,31,8,43,42,256,0,2.4,1,1,95
95,IdeaPad 320-17IKB,14,5,17.3,1,6,2,83,0,1000,2.8,3,3,96
96,EliteBook 1040,7,4,14.0,10,8,55,53,256,0,1.43,3,5,97
97,EliteBook 840,7,4,14.0,10,8,25,53,512,0,1.54,3,3,98
98,FX502VM-DM560T (i7-7700HQ/8GB/1TB,19,3,15.6,10,8,54,69,128,1000,2.24,3,3,99
99,ProBook 430,7,5,13.3,31,4,58,12,128,0,1.49,3,3,100
100,X505BP-BR019T (A9-9420/4GB/1TB/Radeon,19,5,15.6,16,4,18,66,0,1000,1.68,3,3,101
101,Legion Y520-15IKBN,14,3,15.6,31,8,54,20,256,0,2.4,1,1,102
102,Blade Stealth,11,4,12.5,13,16,66,8,512,0,1.29,3,3,103
103,Zenbook Flip,19,4,13.3,23,16,84,8,512,0,1.1,3,3,104
104,Inspiron 7560,2,5,15.6,10,8,84,19,128,1000,2.0,3,3,105
105,TravelMate B,4,5,11.6,16,4,12,16,128,0,1.4,3,3,106
106,EliteBook 840,7,5,14.0,10,4,3,53,256,0,1.54,3,5,107
107,Vostro 5568,2,5,15.6,10,8,2,8,256,0,2.18,3,3,108
108,V310-15IKB (i7-7500U/4GB/1TB/FHD/W10),14,5,15.6,10,4,84,8,0,1000,1.85,3,3,109
109,Tecra A50-C-21G,3,5,15.6,31,16,25,48,512,0,2.4,3,3,110
110,Omen -,7,3,17.3,31,8,90,103,128,1000,3.35,3,3,111
111,ProBook 450,7,5,15.6,16,8,78,65,0,1000,2.04,3,3,112
112,XPS 13,2,4,13.3,10,8,31,12,256,0,1.2,3,3,113
113,B51-80 (i7-6500U/4GB/1008GB/FHD/W7),14,5,15.6,10,4,25,53,250,750,2.32,3,5,114
114,Latitude 3180,2,2,11.6,16,4,61,60,128,0,1.63,3,3,115
115,Tecra A50-C-1ZV,3,5,15.6,16,8,3,53,256,0,2.2,3,3,116
116,IdeaPad 320-15IKB,14,5,15.6,10,8,84,19,0,1000,2.2,1,1,117
117,Yoga 500-15ISK,14,6,15.6,24,4,3,53,256,0,2.1,3,3,118
118,GL62M (i5-7300HQ/8GB/1TB,17,3,15.6,10,8,43,42,128,1000,2.2,3,3,119
119,Ideapad 320-15IKBN,14,5,15.6,10,6,2,8,256,0,2.2,3,3,120
120,Inspiron 3567,2,5,15.6,10,4,113,5,0,1000,2.25,2,1,121
121,250 G6,7,5,15.6,16,4,30,105,0,500,1.86,1,1,122
122,Aspire E5-576G,4,5,15.6,10,8,84,19,0,1000,2.23,3,3,123
123,Latitude 5480,2,4,14.0,10,8,99,8,256,0,1.6,2,1,124
124,ThinkPad 13,14,5,13.3,31,8,2,8,256,0,1.44,3,3,125
125,ThinkPad 13,14,5,13.3,31,8,41,8,256,0,1.4,3,3,126
126,Inspiron 5570,2,5,15.6,10,8,31,21,128,2000,2.2,3,3,127
127,Inspiron 5379,2,6,13.3,23,8,58,12,0,1000,1.55,3,3,128
128,Vostro 5568,2,5,15.6,10,4,2,19,128,1000,2.18,3,3,129
129,Inspiron 7559,2,3,15.6,10,16,81,101,0,1000,2.59,3,3,130
130,Thinkpad X270,14,4,12.5,31,16,84,8,512,0,1.36,3,3,131
131,"MacBook 12""",5,4,12.0,40,8,27,47,512,0,0.92,6,1,132
132,Zenbook UX330UA-AH5Q,19,4,13.3,6,8,2,8,256,0,1.2,3,3,133
133,ENVY -,7,5,13.3,31,8,2,8,256,0,1.34,3,3,134
134,V310-15ISK (i5-7200U/8GB/1TB,14,5,15.6,10,8,2,5,128,1000,1.9,3,3,135
135,ProBook 470,7,5,17.3,10,8,84,65,0,1000,2.63,3,3,136
136,Rog Strix,19,3,17.3,10,8,51,24,256,1000,3.2,3,3,137
137,Latitude 5580,2,5,15.6,10,8,59,8,256,0,1.9,3,3,138
138,MacBook Air,5,4,11.6,16,4,104,84,256,0,1.08,6,4,139
139,Legion Y520-15IKBN,14,3,15.6,31,8,43,42,128,1000,2.4,1,1,140
140,GS63VR 7RF,17,3,15.6,10,16,54,103,256,1000,1.8,3,3,141
141,Inspiron 3567,2,5,15.6,16,4,45,53,0,1000,2.3,3,3,142
142,Inspiron 5570,2,5,15.6,10,16,31,21,256,2000,2.02,2,1,143
143,Aspire 3,4,5,15.6,16,4,18,52,128,0,2.1,3,3,144
144,ZenBook Flip,19,6,13.3,24,8,2,8,256,0,1.27,3,3,145
145,Inspiron 5370,2,4,13.3,31,4,58,21,256,0,1.4,3,3,146
146,Yoga Book,14,6,10.1,33,4,16,105,64,0,0.69,4,1,147
147,Zenbook UX410UA-GV027T,19,5,14.0,10,8,2,8,256,0,2.0,3,3,148
148,IdeaPad 320-15ISK,14,5,15.6,16,4,45,53,128,0,2.2,1,1,149
149,Inspiron 5567,2,5,15.6,23,16,84,1,0,1000,2.3,3,3,150
150,Latitude 5490,2,4,14.0,10,8,58,12,256,0,1.6,3,3,151
151,Stream 14-AX040wm,7,5,14.0,16,4,30,105,32,0,1.44,3,3,152
152,Thinkpad T460,14,5,14.0,10,8,3,53,256,0,1.7,3,3,153
153,Thinkpad T460p,14,5,14.0,10,8,90,53,256,0,1.8,3,3,154
154,Aspire 3,4,5,15.6,16,4,41,8,0,1000,2.4,3,3,155
155,GS73VR 7RF,17,3,17.3,10,16,54,103,256,1000,2.43,3,3,156
156,Chromebook C738T-C2EJ,4,6,11.6,39,4,30,105,32,0,1.25,5,1,157
157,X556UJ-XO044T (i7-6500U/4GB/500GB/GeForce,19,5,15.6,16,4,25,80,0,500,2.2,3,3,158
158,Latitude E5270,2,4,12.5,16,4,19,53,0,500,1.5,3,5,159
159,Latitude 7280,2,4,12.5,23,8,2,87,256,0,1.36,3,3,160
160,ThinkPad Yoga,14,6,14.0,24,8,25,53,256,0,1.8,3,3,161
161,Inspiron 5577,2,3,15.6,10,8,54,42,128,1000,2.56,3,3,162
162,Inspiron 3168,2,6,11.6,9,4,12,16,0,500,1.47,3,3,163
163,15-BW091ND (A9-9420/6GB/1TB,7,5,15.6,10,6,108,44,128,1000,2.1,3,3,164
164,N42-20 Chromebook,14,5,14.0,16,4,106,105,16,0,1.5,5,1,165
165,Inspiron 5570,2,5,15.6,10,8,58,21,128,1000,2.2,3,3,166
166,Yoga 500-15ISK,14,6,15.6,24,4,25,53,256,0,1.8,3,3,167
167,XPS 13,2,4,13.3,10,8,2,8,256,0,1.29,3,3,168
168,Satellite Pro,3,5,15.6,16,4,93,53,128,0,2.1,3,3,169
169,Latitude 5580,2,5,15.6,10,8,2,8,256,0,1.9,3,3,170
170,ThinkPad L470,14,5,14.0,16,4,2,8,0,500,2.02,3,3,171
171,VivoBook S15,19,4,15.6,10,8,2,19,256,0,1.7,3,3,172
172,Probook 440,7,5,14.0,10,8,31,65,256,0,1.63,3,3,173
173,EliteBook 850,7,4,15.6,10,8,25,91,256,0,1.84,3,3,174
174,ThinkPad X270,14,4,12.5,31,8,59,8,256,0,1.36,3,3,175
175,Aspire A517-51G,4,5,15.6,31,8,31,32,256,0,3.0,3,3,176
176,MacBook Pro,5,4,15.4,4,16,107,34,256,0,2.04,6,4,177
177,X751SV-TY001T (N3710/4GB/1TB/GeForce,19,5,17.3,1,4,12,102,0,1000,2.8,3,3,178
178,Alienware 15,2,3,15.6,10,16,43,103,128,1000,3.21,3,3,179
179,ProBook 450,7,5,15.6,16,4,2,8,256,0,2.04,3,3,180
180,Inspiron 7570,2,5,15.6,10,8,58,19,256,0,2.0,3,3,181
181,Pavilion 15-BC000nv,7,5,15.6,31,6,81,46,0,1000,2.18,3,3,182
182,Vostro 3568,2,5,15.6,10,8,2,8,256,0,2.18,3,3,183
183,Probook 440,7,5,14.0,10,8,58,12,0,1000,1.63,3,3,184
184,Latitude 5480,2,5,14.0,16,8,2,8,256,0,1.6,3,3,185
185,Inspiron 3552,2,5,15.6,16,2,60,87,0,500,2.2,3,3,186
186,ProBook 640,7,5,14.0,16,4,2,8,0,500,1.95,3,3,187
187,15-bs012nv (i7-7500U/8GB/1TB/Radeon,7,5,15.6,10,8,84,21,0,1000,2.1,3,3,188
188,Inspiron 5770,2,5,17.3,10,8,58,21,128,1000,2.8,3,3,189
189,Latitude 5590,2,4,15.6,10,16,83,12,768,0,1.88,3,3,190
190,X751NV-TY001T (N4200/4GB/1TB/GeForce,19,5,17.3,16,4,61,102,0,1000,2.8,3,3,191
191,ThinkPad T460,14,4,14.0,10,8,55,53,256,0,1.7,3,5,192
192,Inspiron 7577,2,3,15.6,31,16,54,43,128,1000,2.65,3,3,193
193,ROG GL553VE-FY022,19,3,15.6,31,8,54,43,0,1000,2.5,1,1,194
194,Tecra A50-D-11M,3,5,15.6,31,8,2,8,0,500,2.0,3,3,195
195,15-bw003nv (A9-Series-9420/4GB/256GB/FHD/W10),7,5,15.6,10,4,18,52,256,0,1.91,3,3,196
196,Elitebook 820,7,4,12.5,10,8,84,8,256,0,1.26,3,3,197
197,ThinkPad E570,14,5,15.6,16,4,113,53,128,0,2.3,3,3,198
198,Surface Laptop,9,4,13.5,27,4,2,8,128,0,1.252,3,2,199
199,Latitude 3480,2,5,14.0,16,4,45,53,0,500,1.76,3,3,200
200,IdeaPad 500-15ISK,14,5,15.6,10,16,25,55,250,750,2.5,3,3,201
201,Thinkpad E470,14,5,14.0,31,8,84,19,256,0,1.87,3,3,202
202,Inspiron 5570,2,5,15.6,10,8,58,21,256,0,2.2,3,3,203
203,PL60 7RD,17,3,15.6,31,8,84,42,0,1000,2.2,3,3,204
204,Envy x360,7,6,13.3,32,16,84,8,256,0,1.42,3,3,205
205,Inspiron 5578,2,6,15.0,23,4,41,8,0,500,2.08,3,3,206
206,Legion Y520-15IKBN,14,3,15.6,31,16,54,43,256,2000,2.4,3,3,207
207,ZenBook Flip,19,6,13.3,23,8,31,12,1024,0,1.1,3,3,208
208,Latitude 5480,2,5,14.0,10,8,59,8,256,0,1.64,3,3,209
209,ProBook 640,7,5,14.0,16,4,3,53,0,500,1.95,3,3,210
210,GL72M 7REX,17,3,17.3,10,8,54,43,256,1000,2.7,3,3,211
211,Vostro 5568,2,5,15.6,10,8,84,19,256,0,2.18,3,3,212
212,Pavilion 15-AW003nv,7,5,15.6,10,6,76,92,250,750,2.04,3,3,213
213,IdeaPad 310-15IKB,14,4,15.6,10,6,84,80,256,0,1.54,3,3,214
214,ThinkPad 13,14,5,13.3,10,8,2,8,256,0,1.44,3,3,215
215,Yoga Book,14,6,10.1,33,4,16,105,64,0,0.69,3,3,216
216,IdeaPad 320-15AST,14,5,15.6,10,4,7,3,128,0,2.2,3,3,217
217,Inspiron 5570,2,5,15.6,10,4,58,21,256,0,2.2,3,3,218
218,ZenBook UX305CA-UBM1,19,4,13.3,31,8,92,82,512,0,1.2,3,3,219
219,ProBook 650,7,5,15.6,16,4,19,53,0,500,2.31,3,3,220
220,IdeaPad 320-17IKBR,14,5,17.3,1,8,58,32,256,0,2.8,1,1,221
221,Aspire 7,4,3,15.6,10,8,43,42,0,1000,2.4,2,1,222
222,Inspiron 5368,2,5,13.3,23,8,3,53,0,1000,1.62,3,3,223
223,Ideapad 320-15IKBR,14,5,15.6,9,12,31,8,0,1000,2.2,3,3,224
224,15-bs017nv (i7-7500U/8GB/256GB/Radeon,7,5,15.6,10,8,84,21,256,0,1.91,3,3,225
225,XPS 13,2,4,13.3,10,8,98,31,256,0,1.23,3,3,226
226,Latitude E5570,2,5,15.6,10,8,118,53,0,500,2.09,3,3,227
227,Legion Y520-15IKBN,14,3,15.6,31,8,43,42,256,0,2.5,3,3,228
228,Thinkpad T460,14,4,14.0,10,4,3,53,1,0,1.7,3,3,229
229,Rog GL753VD-GC042T,19,3,17.3,10,8,54,42,0,1000,3.0,3,3,230
230,LifeBook A557,18,5,15.6,16,8,2,8,256,0,2.2,3,3,231
231,15-BS078nr (i7-7500U/8GB/1TB/W10),7,5,15.6,16,8,84,8,0,1000,2.05,3,3,232
232,XPS 13,2,4,13.3,31,8,58,12,256,0,1.21,3,3,233
233,ProBook 450,7,5,15.6,31,4,58,8,0,500,2.1,3,3,234
234,ThinkPad 13,14,5,13.3,31,16,84,8,512,0,1.4,3,3,235
235,V310-15IKB (i5-7200U/8GB/1TB,14,5,15.6,10,8,2,68,128,1000,1.9,3,3,236
236,Aspire 7,4,5,15.6,10,8,54,42,0,1000,2.4,2,1,237
237,Probook 430,7,5,13.3,16,4,41,8,0,500,1.49,3,3,238
238,IdeaPad 320-15ABR,14,5,15.6,10,6,17,21,256,0,2.2,3,3,239
239,IdeaPad 520s-14IKB,14,5,14.0,10,4,2,8,256,0,1.7,3,3,240
240,ProBook 640,7,5,14.0,10,8,2,8,256,0,1.95,3,3,241
241,Rog Strix,19,3,17.3,31,16,73,24,256,1000,3.25,3,3,242
242,Tecra A40-C-1KF,3,5,14.0,16,4,3,53,0,500,1.75,3,3,243
243,ProBook 430,7,5,13.3,10,8,58,12,512,0,1.49,3,3,244
244,ProBook 470,7,5,17.3,31,8,58,65,0,1000,2.5,3,3,245
245,ThinkPad E480,14,4,14.0,31,8,31,106,256,0,1.75,3,3,246
246,Swift 3,4,4,14.0,31,8,31,12,256,0,1.6,3,3,247
247,Q304UA-BHI5T11 (i5-7200U/6GB/1TB/FHD/W10),19,6,13.3,23,6,2,8,0,1000,1.5,3,3,248
248,Inspiron 5578,2,6,15.6,24,8,114,8,256,0,2.3,3,3,249
249,Ideapad 700-15ISK,14,5,15.6,31,4,90,81,0,1000,2.3,3,3,250
250,Vostro 3568,2,5,15.6,16,4,2,66,0,1000,2.18,3,3,251
251,Inspiron 7567,2,3,15.6,10,8,43,42,250,750,2.65,3,3,252
252,Inspiron 7559,2,3,15.6,30,16,81,46,128,1000,2.72,3,3,253
253,Yoga 700-11ISK,14,6,11.3,24,8,95,82,256,0,1.1,3,3,254
254,Zbook 17,7,1,17.3,31,16,42,6,256,0,3.0,3,5,255
255,Inspiron 7567,2,3,15.6,10,8,54,54,0,1000,2.62,2,1,256
256,ZenBook UX530UQ-PRO,19,4,15.6,10,16,84,19,512,0,1.63,3,3,257
257,EliteBook 840,7,5,14.0,16,4,118,53,256,0,1.48,3,3,258
258,Inspiron 5570,2,5,15.6,10,4,58,21,0,1000,2.2,3,3,259
259,MacBook Air,5,4,13.3,17,8,104,84,256,0,1.35,6,4,260
260,"MacBook 12""",5,4,12.0,40,8,70,82,256,0,0.92,6,4,261
261,B51-80 (i7-6500U/8GB/1008GB/Radeon,14,5,15.6,10,8,25,26,250,750,2.32,3,5,262
262,Inspiron 3567,2,5,15.6,16,6,41,8,0,1000,2.3,3,3,263
263,Inspiron 3576,2,5,15.6,10,8,58,44,256,0,2.13,3,3,264
264,15-bw009nv (A12-9720P/6GB/1TB/Radeon,7,5,15.6,10,6,5,21,0,1000,2.1,3,3,265
265,Pavilion 15-cb003nv,7,3,15.6,31,8,54,42,0,1000,2.62,3,3,266
266,Inspiron 5579,2,6,15.6,24,8,31,12,0,1000,2.08,3,3,267
267,Inspiron 5567,2,5,15.6,10,16,84,1,256,0,2.3,3,3,268
268,Inspiron 3567,2,5,15.6,10,4,2,5,256,0,2.3,2,1,269
269,SmartBook Edge,13,5,14.0,31,4,44,13,32,0,1.45,3,3,270
270,Spectre 13-V100nv,7,5,13.3,31,8,2,8,256,0,1.11,3,3,271
271,GL62M 7RD,17,3,15.6,10,8,43,42,256,0,2.4,3,3,272
272,15-bs078cl (i7-7500U/8GB/2TB/W10),7,5,15.6,16,8,84,8,0,2000,2.04,3,3,273
273,Yoga 720-15IKB,14,6,15.6,13,16,54,42,512,0,2.0,3,3,274
274,Inspiron 5570,2,5,15.6,10,8,58,21,128,1000,2.33,3,3,275
275,V110-15ISK (i5-6200U/4GB/128GB/W10),14,5,15.6,16,4,3,53,128,0,2.1,3,3,276
276,"LapBook 15.6""",12,5,15.6,10,4,33,87,64,0,1.89,3,3,277
277,Swift 3,4,4,14.0,31,8,58,12,256,0,1.6,3,3,278
278,Portege Z30-C-16L,3,4,13.3,10,8,25,53,256,0,1.2,3,3,279
279,Latitude 5480,2,5,14.0,10,8,88,8,256,0,1.6,3,3,280
280,GL62M 7RDX,17,3,15.6,10,8,54,42,128,1000,2.2,3,3,281
281,Aspire 5,4,5,17.3,31,4,91,85,256,0,3.0,3,3,282
282,Inspiron 5579,2,6,15.6,23,8,58,12,256,0,2.67,3,3,283
283,EliteBook x360,7,6,13.3,23,16,99,8,256,0,1.28,3,3,284
284,Probook 640,7,5,14.0,10,4,2,8,128,0,1.95,3,3,285
285,Inspiron 7570,2,5,15.6,31,8,31,19,256,1000,2.16,3,3,286
286,ZBook 15u,7,5,15.6,10,8,84,109,0,1000,1.9,3,3,287
287,ThinkPad 13,14,5,13.3,10,4,2,8,128,0,1.44,3,3,288
288,R558UA-DM966T (i5-7200U/8GB/128GB/FHD/W10),19,5,15.6,10,8,2,8,0,128,2.3,3,3,289
289,Aspire E5-576G,4,5,15.6,10,8,84,19,256,0,2.2,3,3,290
290,Legion Y520-15IKBN,14,3,15.6,31,8,43,103,128,1000,2.4,1,1,291
291,X541NA-PD1003Y (N4200/4GB/500GB/W10),19,5,15.6,16,4,61,13,0,500,2.0,3,3,292
292,Noteb Pav,7,5,15.6,31,8,84,19,0,1000,1.91,3,3,293
293,Legion Y520-15IKBN,14,3,15.6,31,8,54,103,128,1000,2.5,3,3,294
294,Lenovo IdeaPad,14,5,11.6,16,2,62,13,32,0,1.15,3,3,295
295,250 G6,7,4,15.6,10,8,84,8,256,0,1.84,3,3,296
296,Aspire R7,4,6,13.3,24,8,3,53,256,0,1.6,3,3,297
297,Probook 650,7,5,15.6,10,8,3,53,256,0,2.31,3,3,298
298,Inspiron 5770,2,5,17.3,10,8,31,21,128,1000,2.8,2,1,299
299,Inspiron 3567,2,5,15.6,16,8,2,8,0,1000,2.14,3,3,300
300,Thinkpad T470,14,5,14.0,10,8,2,8,1,0,1.7,3,3,301
301,Portege Z30T-C-133,3,4,13.3,23,16,25,53,512,0,1.36,3,3,302
302,Aspire A515-51G,4,5,15.6,10,4,84,19,0,500,2.2,3,3,303
303,ProBook 450,7,5,15.6,10,8,58,61,256,0,2.1,3,3,304
304,GP62M 7RDX,17,3,15.6,10,8,54,42,128,1000,2.4,3,3,305
305,Rog GL552VW-DM201T,19,3,15.6,31,8,81,46,256,1000,2.591,3,3,306
306,Aspire A715-71G,4,5,15.6,10,8,54,43,256,0,2.5,2,1,307
307,EliteBook 850,7,5,15.6,10,8,59,50,256,0,1.84,3,3,308
308,Envy 17-U275cl,7,5,17.3,31,16,31,32,0,1000,2.9,3,3,309
309,Legion Y520-15IKBN,14,3,15.6,31,8,43,42,0,1000,2.4,3,3,310
310,Ideapad 510S-13IKB,14,5,13.3,31,4,41,8,128,0,1.5,3,3,311
311,Pixelbook (Core,6,4,12.3,34,16,69,47,512,0,1.1,5,1,312
312,Rog GL753VE-GC070T,19,3,17.3,10,16,54,43,256,1000,3.0,3,3,313
313,Portege Z30-C-16P,3,4,13.3,10,16,25,53,512,0,1.2,3,3,314
314,Tecra A50-D-11D,3,5,15.6,31,8,84,8,256,0,2.0,3,3,315
315,Probook 440,7,5,14.0,16,4,41,8,0,500,1.64,3,3,316
316,Inspiron 3567,2,5,15.6,16,8,84,5,0,1000,2.3,2,1,317
317,Latitude 5580,2,5,15.6,16,4,59,8,0,500,1.93,2,1,318
318,Satellite Pro,3,5,15.6,31,8,25,48,256,0,2.2,3,3,319
319,Inspiron 5577,2,3,15.6,10,16,54,42,512,0,2.56,3,3,320
320,IdeaPad 320-15IKB,14,5,15.6,10,8,2,19,128,1000,2.3,3,3,321
321,Swift 3,4,5,14.0,31,8,41,8,128,0,1.5,3,3,322
322,Aspire 3,4,5,15.6,16,4,18,52,0,500,2.1,3,3,323
323,Inspiron 7378,2,6,13.3,24,12,84,8,256,0,1.6,3,3,324
324,Portege X30-D-10J,3,5,13.3,31,8,2,8,256,0,1.05,3,3,325
325,Spin 5,4,6,13.3,24,8,58,12,256,0,1.6,3,3,326
326,VivoBook Pro,19,3,15.6,10,8,54,42,128,1000,1.99,3,3,327
327,XPS 13,2,4,13.3,31,8,31,12,256,0,1.21,3,3,328
328,Rog G752VL-UH71T,19,3,17.3,24,24,81,2,256,1000,4.33,3,3,329
329,IdeaPad 320-15AST,14,5,17.3,1,8,7,25,0,1000,2.8,3,3,330
330,Pro P2540UA-XO0192R,19,5,15.6,16,4,84,8,256,0,2.37,3,3,331
331,Inspiron 5579,2,6,15.6,23,16,31,12,512,0,2.0,3,3,332
332,K756UX-T4340T (i5-7200U/8GB/500GB,19,5,17.3,10,8,2,81,256,500,2.69,3,3,333
333,Omen 17-w212nv,7,3,17.3,31,8,54,42,128,1000,3.35,3,3,334
334,Inspiron 7577,2,3,15.6,31,8,54,43,128,1000,2.62,3,3,335
335,ThinkPad Yoga,14,6,13.3,24,8,84,8,512,0,1.37,3,3,336
336,VivoBook S15,19,4,15.6,10,8,84,19,256,0,1.7,3,3,337
337,V330-15IKB (i3-7130U/4GB/128GB/FHD/W10),14,5,15.6,10,4,91,8,128,0,2.05,3,3,338
338,Spectre Pro,7,6,13.3,23,8,118,53,256,0,1.48,3,3,339
339,Latitude E5270,2,4,12.5,16,8,3,53,256,0,1.5,3,5,340
340,EliteBook 820,7,4,12.5,10,8,3,53,256,0,1.26,3,5,341
341,IdeaPad 720S-14IKB,14,5,14.0,31,8,2,19,256,0,1.5,3,3,342
342,Latitude 5590,2,4,15.6,31,8,58,12,256,0,1.88,3,3,343
343,Zenbook UX430UA,19,4,14.0,10,8,84,8,256,0,1.25,3,3,344
344,FX503VD-E4022T (i7-7700HQ/8GB/1TB/GeForce,19,3,15.6,10,8,54,42,0,1000,2.2,3,3,345
345,Zenbook UX510UW-FI095T,19,5,15.6,21,8,84,46,256,1000,2.0,3,3,346
346,V510-15IKB (i5-7200U/8GB/256GB/FHD/No,14,5,15.6,31,8,2,8,256,0,2.3,1,1,347
347,Inspiron 5567,2,5,15.6,10,16,84,1,256,0,2.36,2,1,348
348,EliteBook 820,7,4,12.5,10,4,2,8,0,500,1.26,3,3,349
349,Alienware 15,2,3,15.6,10,16,96,79,256,1000,3.49,3,3,350
350,Inspiron 5567,2,5,15.6,10,8,84,1,256,0,2.33,3,3,351
351,Inspiron 7567,2,3,15.6,10,8,54,54,0,1000,2.62,3,3,352
352,UX510UX-CN269T (i7-7500U/8GB/256GB,19,5,14.0,10,8,84,8,256,1000,2.0,3,3,353
353,ProBook 450,7,5,15.6,10,8,84,65,256,0,2.04,3,3,354
354,Thinkpad 13,14,5,13.3,31,8,84,8,256,0,1.4,3,3,355
355,Blade Stealth,11,4,12.5,28,8,25,53,256,0,1.25,3,3,356
356,Legion Y720-15IKB,14,3,15.6,31,16,54,103,256,1000,3.2,3,3,357
357,MacBook Pro,5,4,13.3,35,8,82,31,128,0,1.37,6,1,358
358,Inspiron 7567,2,3,15.6,10,16,54,43,128,1000,2.6,3,3,359
359,Aspire A515-51G,4,5,15.6,31,8,31,32,256,0,2.2,3,3,360
360,Chromebook Flip,19,6,12.5,23,4,102,82,64,0,1.2,5,1,361
361,TravelMate P238-M,4,5,13.3,16,4,3,53,128,0,1.6,3,3,362
362,GL62M 7RD,17,3,15.6,10,8,43,42,128,1000,2.2,3,3,363
363,Zenbook 3,19,4,14.0,10,8,2,8,256,0,1.1,3,3,364
364,Inspiron 7577,2,3,15.6,10,8,43,103,256,0,2.65,3,3,365
365,TMX349-G2-M-50FS (i5-7200U/8GB/256GB/FHD/W10),4,5,14.0,31,8,2,8,256,0,1.56,3,3,366
366,ProBook 430,7,5,13.3,31,4,58,12,0,500,1.49,3,3,367
367,ThinkPad E580,14,5,15.6,31,8,31,106,256,0,2.1,3,3,368
368,Chromebook 11,7,2,11.6,16,4,30,105,16,0,1.23,5,1,369
369,ProBook 450,7,5,15.6,10,4,2,8,256,0,2.04,3,3,370
370,ProBook 470,7,5,17.3,10,8,58,65,256,0,2.5,3,3,371
371,ProBook 450,7,5,15.6,10,8,84,65,0,1000,2.04,3,3,372
372,Macbook Air,5,4,13.3,17,8,52,84,256,0,1.34,6,1,373
373,Satellite Pro,3,5,15.6,16,4,41,8,0,500,2.0,3,3,374
374,Q534UX-BHI7T19 (i7-7500U/16GB/2TB,19,6,15.6,26,16,84,81,512,2000,2.3,3,3,375
375,Aspire E5-575,4,5,15.6,10,4,41,8,0,1000,2.4,3,3,376
376,Aspire E5-576G,4,5,15.6,10,4,45,19,0,1000,2.23,3,3,377
377,IdeaPad 310-15IKB,14,5,15.6,10,4,2,80,0,1000,2.4,3,3,378
378,15-BS101nv (i7-8550U/8GB/256GB/FHD/W10),7,4,15.6,10,8,31,8,256,0,1.91,3,3,379
379,15-ay047nv (i3-6006U/6GB/1TB/Radeon,7,5,15.6,36,6,45,5,0,1000,2.04,3,3,380
380,Aspire 7,4,5,15.6,10,8,54,42,256,0,2.5,2,1,381
381,Tecra Z40-C-136,3,4,14.0,31,8,55,53,256,0,1.47,3,3,382
382,Thinkpad T470p,14,4,14.0,2,8,54,93,512,0,1.7,3,3,383
383,CB5-132T-C9KK (N3160/4GB/32GB/Chrome,4,6,11.6,39,4,106,105,32,0,1.25,5,1,384
384,Thinkpad T460s,14,4,14.0,31,12,55,53,256,0,1.4,3,3,385
385,ZenBook UX430UN,19,4,14.0,10,16,31,32,512,0,1.3,3,3,386
386,Inspiron 5770,2,5,17.3,31,8,58,21,128,1000,2.8,2,1,387
387,ThinkPad L470,14,5,14.0,31,8,2,8,256,0,1.9,3,3,388
388,Q524UQ-BHI7T15 (i7-7500U/12GB/2TB/GeForce,19,6,15.6,23,12,84,19,0,2000,2.3,3,3,389
389,Zbook 15,7,1,15.6,10,8,54,22,256,0,2.6,3,3,390
390,Legion Y720-15IKB,14,3,15.6,31,8,54,103,0,1000,3.2,3,3,391
391,Probook 470,7,5,17.3,10,8,31,61,0,1000,2.5,3,3,392
392,SmartBook 140,13,5,14.0,10,2,85,87,32,0,1.4,3,3,393
393,Vostro 3559,2,5,15.6,16,4,3,53,0,500,2.24,3,5,394
394,XPS 13,2,4,13.3,10,8,58,12,256,0,1.2,3,3,395
395,Latitude 3380,2,5,13.3,16,4,45,53,0,500,1.65,3,3,396
396,Satellite Pro,3,5,15.6,16,4,3,53,0,500,2.1,3,3,397
397,IdeaPad 310-15ISK,14,5,15.6,16,8,113,53,0,1000,2.2,3,3,398
398,GS40 Phantom,17,3,14.0,10,16,81,37,256,1000,1.7,3,3,399
399,ZBook 15,7,1,15.6,10,8,81,73,256,0,2.59,3,5,400
400,Probook 470,7,5,17.3,10,8,2,65,256,0,2.63,3,3,401
401,VivoBook S15,19,4,15.6,10,16,31,32,256,1000,1.5,3,3,402
402,IdeaPad 320-15IKB,14,5,15.6,10,8,41,19,0,1000,2.2,1,1,403
403,MacBook Pro,5,4,13.3,35,8,82,31,256,0,1.37,6,1,404
404,B51-80 (i5-6200U/8GB/1TB/Radeon,14,5,15.6,10,8,3,26,0,1000,2.32,1,1,405
405,Envy 13-AD007nv,7,5,13.3,31,4,2,8,256,0,1.32,3,3,406
406,IdeaPad 320-17IKB,14,5,17.3,1,8,2,15,0,1000,2.8,1,1,407
407,Aspire VX5-591G,4,3,15.6,10,16,43,43,256,0,2.5,3,3,408
408,Inspiron 5567,2,5,15.6,10,8,2,1,0,1000,2.36,3,3,409
409,GL62 6QF,17,3,15.6,10,8,81,46,128,1000,2.3,3,3,410
410,IdeaPad 320-15ABR,14,5,15.6,10,12,17,21,0,2000,2.2,3,3,411
411,Yoga 910-13IKB,14,6,14.0,23,16,84,8,512,0,1.38,3,3,412
412,17-bs001nv (i5-7200U/6GB/2TB/Radeon,7,5,17.3,31,6,2,44,0,2000,2.71,3,3,413
413,ThinkPad T470,14,5,14.0,10,8,3,53,256,0,1.65,3,5,414
414,Probook 450,7,5,15.6,10,8,2,65,256,0,2.04,3,3,415
415,Probook 440,7,5,14.0,10,8,31,12,256,0,1.63,3,3,416
416,X542UQ-GO005 (i5-7200U/8GB/1TB/GeForce,19,5,15.6,16,8,2,19,0,1000,2.3,2,1,417
417,ProBook 440,7,5,14.0,10,8,58,8,256,0,1.63,3,3,418
418,XPS 13,2,4,13.3,32,8,98,31,256,0,1.23,3,3,419
419,ProBook 440,7,5,14.0,10,8,2,65,256,0,1.64,3,3,420
420,Inspiron 3576,2,5,15.6,10,8,58,44,0,1000,2.2,3,3,421
421,Vostro 3559,2,5,15.6,16,4,3,51,0,500,2.24,3,5,422
422,Swift SF114-31-P5HY,4,5,14.0,16,4,12,16,128,0,1.6,3,3,423
423,Chromebook Flip,19,6,12.5,10,8,32,82,64,0,1.2,5,1,424
424,IdeaPad 320-15IKBN,14,5,15.6,10,4,2,8,128,0,2.2,1,1,425
425,Yoga 520-14IKB,14,6,14.0,31,8,58,12,256,0,1.74,3,3,426
426,Mi Notebook,8,4,13.3,31,8,3,19,256,0,1.28,3,3,427
427,Inspiron 7577,2,3,15.6,31,16,54,103,256,1000,2.65,3,3,428
428,Latitude 5480,2,5,14.0,16,4,2,8,0,500,1.6,3,3,429
429,IdeaPad 320s-14IKB,14,5,14.0,31,4,91,8,128,0,1.7,3,3,430
430,Inspiron 3576,2,5,15.6,10,8,58,44,0,1000,2.2,2,1,431
431,ProBook 470,7,5,17.3,10,8,58,65,0,1000,2.5,3,3,432
432,ProBook 650,7,5,15.6,16,4,3,53,0,500,2.31,3,3,433
433,X550VX-XX015D (i5-6300HQ/4GB/1TB/GeForce,19,5,15.6,16,4,90,81,0,1000,2.45,1,1,434
434,Spin 5,4,6,13.3,24,8,58,12,256,0,1.5,3,3,435
435,Ideapad 520-15IKBR,14,5,15.6,10,8,31,12,256,0,2.17,3,3,436
436,Portege Z30-C-1CV,3,5,13.3,10,4,3,53,128,0,1.2,3,5,437
437,ProBook 430,7,5,13.3,10,4,41,8,128,0,1.49,3,3,438
438,IdeaPad 320-17IKB,14,5,17.3,1,6,2,15,128,1000,2.8,3,3,439
439,Latitude 7480,2,4,14.0,10,8,99,87,512,0,1.36,3,3,440
440,Pixelbook (Core,6,4,12.3,34,8,103,47,128,0,1.1,5,1,441
441,VivoBook Pro,19,5,15.6,10,8,43,42,0,1000,1.99,3,3,442
442,Satellite Pro,3,5,14.0,16,4,36,9,128,0,1.75,3,3,443
443,Inspiron 3567,2,5,15.6,10,8,84,5,256,0,2.2,2,1,444
444,ThinkPad Yoga,14,6,13.3,24,8,2,8,256,0,1.37,3,3,445
445,VivoBook Max,19,5,15.6,10,4,2,58,0,1000,2.1,2,1,446
446,Envy 13-AB077cl,7,4,13.3,32,8,84,8,256,0,1.39,3,3,447
447,Latitude 5590,2,4,15.6,10,8,83,12,512,0,1.88,3,3,448
448,Aspire 5,4,5,15.6,16,8,11,88,0,1000,2.2,3,3,449
449,Elitebook 850,7,5,15.6,10,8,2,8,256,0,1.84,3,3,450
450,XPS 13,2,4,13.3,32,8,84,8,256,0,1.29,3,3,451
451,EliteBook 840,7,5,14.0,10,4,3,53,0,500,1.54,3,5,452
452,Elitebook 840,7,5,14.0,10,4,2,8,256,0,1.48,3,3,453
453,Vostro 5370,2,4,13.3,10,8,58,12,256,0,1.41,3,3,454
454,Inspiron 5368,2,6,13.3,23,8,25,53,256,0,1.62,3,3,455
455,Inspiron 7579,2,6,15.6,24,8,2,8,256,0,2.191,3,3,456
456,Vostro 3568,2,5,15.6,16,8,2,8,128,0,2.18,3,3,457
457,Latitude 5580,2,5,15.6,16,8,59,8,0,500,1.9,3,3,458
458,ProBook 440,7,5,15.6,16,4,45,53,128,0,1.63,3,3,459
459,VivoBook Max,19,5,15.6,10,4,2,8,256,0,2.0,2,1,460
460,EliteBook 820,7,2,12.5,16,8,59,8,256,0,1.26,3,3,461
461,ZBook Studio,7,1,15.6,10,8,81,73,256,0,2.0,3,5,462
462,IdeaPad Y700-15ISK,14,3,15.6,31,16,81,11,512,0,3.31,3,3,463
463,Inspiron 3567,2,5,15.6,10,8,84,5,256,0,2.2,3,3,464
464,Latitude 7390,2,4,13.3,23,8,58,12,256,0,1.42,3,3,465
465,250 G6,7,5,15.6,10,8,2,8,256,0,1.86,3,3,466
466,ThinkPad T560,14,5,15.6,10,8,3,53,256,0,2.3,3,3,467
467,Notebook 9,1,4,13.3,23,8,84,8,256,0,1.31,3,3,468
468,GL72M 7RDX,17,3,17.3,10,8,54,42,128,1000,2.7,3,3,469
469,Aspire 5,4,5,15.6,29,12,58,85,0,1000,2.2,3,3,470
470,X541NA-GO414T (N3350/8GB/1TB/W10),19,5,15.6,16,8,62,13,0,1000,2.0,3,3,471
471,Inspiron 7567,2,3,15.6,22,8,54,43,128,1000,2.62,3,3,472
472,Inspiron 3567,2,5,15.6,9,8,41,8,0,1000,2.3,3,3,473
473,ThinkPad L570,14,5,15.6,31,8,2,8,256,0,2.3,3,3,474
474,B51-80 (i5-6200U/8GB/1008GB/Radeon,14,5,15.6,10,8,3,26,250,750,2.5,3,3,475
475,IdeaPad 320-17IKB,14,5,17.3,1,6,84,19,128,1000,2.8,3,3,476
476,Vostro 3568,2,5,15.6,16,4,45,66,0,1000,2.18,3,3,477
477,Satellite Pro,3,5,13.3,31,8,2,8,256,0,1.5,3,3,478
478,GS70 Stealth,17,3,17.3,10,8,81,2,256,0,2.6,3,3,479
479,ProBook 470,7,5,17.3,10,8,58,65,128,1000,2.5,3,3,480
480,Pavilion X360,7,6,13.3,39,8,2,8,256,0,1.58,3,3,481
481,Rog Strix,19,3,17.3,10,16,54,103,256,1000,2.73,3,3,482
482,"MacBook 12""",5,4,12.0,40,8,28,7,512,0,0.92,6,4,483
483,Inspiron 5379,2,6,13.3,23,8,58,12,256,0,1.62,3,3,484
484,Inspiron 7773,2,6,17.3,23,12,58,4,0,1000,2.77,3,3,485
485,Aspire 5,4,5,15.6,10,8,31,32,0,1000,2.2,3,3,486
486,Elitebook 820,7,2,12.5,16,4,3,53,128,0,2.4,3,5,487
487,ZenBook Flip,19,6,15.6,23,12,84,93,512,2000,2.26,3,3,488
488,FX753VD-GC071T (i7-7700HQ/8GB/1TB/GeForce,19,3,17.3,10,8,54,42,0,1000,3.0,3,3,489
489,Ideapad 320-15IAP,14,5,15.6,16,4,62,13,0,500,2.2,3,3,490
490,GP62 7RDX,17,3,15.6,10,16,54,42,256,1000,2.4,3,3,491
491,IdeaPad 320-15ABR,14,5,15.6,10,12,17,21,512,0,2.2,3,3,492
492,ZenBook UX410UA-GV183T,19,5,14.0,10,8,84,8,256,0,2.0,3,3,493
493,Omen 17-AN010nv,7,3,17.3,31,16,54,42,256,1000,3.78,3,3,494
494,Inspiron 5378,2,6,13.3,23,4,41,8,0,1000,1.71,3,3,495
495,IdeaPad 320-15IAP,14,5,15.6,10,4,61,60,128,0,2.2,3,3,496
496,250 G6,7,5,15.6,16,4,45,53,0,500,1.86,3,3,497
497,Inspiron 3576,2,5,15.6,10,8,31,44,256,0,2.14,2,1,498
498,Inspiron 7779,2,6,17.3,23,16,84,19,512,0,2.77,3,3,499
499,Satellite Pro,3,5,15.6,31,8,2,8,256,0,2.0,3,3,500
500,ProBook 650,7,5,14.0,16,8,59,8,256,0,2.31,3,3,501
501,Inspiron 5567,2,5,15.6,16,8,2,1,0,1000,2.5,3,3,502
502,Aspire ES1-572,4,5,15.6,16,4,45,53,0,500,2.4,3,3,503
503,250 G6,7,5,15.6,10,8,45,53,256,0,1.86,3,3,504
504,Inspiron 7579,2,6,15.6,24,12,84,8,512,0,2.19,3,3,505
505,Zenbook UX390UA,19,4,12.5,10,16,84,8,512,0,0.91,3,3,506
506,V110-15ISK (i3-6006U/4GB/128GB/W10),14,5,15.6,16,4,113,53,128,0,2.1,3,3,507
507,Vostro 5568,2,5,15.6,10,8,2,8,0,1000,2.18,3,3,508
508,Aspire ES1-572,4,5,15.6,16,4,2,8,0,500,2.4,2,1,509
509,VivoBook Max,19,5,15.6,16,4,41,8,0,1000,2.0,3,3,510
510,EliteBook 850,7,5,15.6,16,4,3,53,0,500,1.88,3,5,511
511,ProBook 650,7,1,15.6,31,8,26,8,512,0,2.31,3,3,512
512,Pavilion Power,7,5,15.6,31,12,54,42,128,1000,2.21,3,3,513
513,GL72M 7REX,17,3,17.3,10,8,54,43,128,1000,2.7,3,3,514
514,Swift 3,4,4,14.0,31,8,2,98,256,0,1.8,3,3,515
515,ProBook 640,7,5,14.0,10,4,2,8,256,0,1.95,3,3,516
516,ProBook 450,7,5,15.6,10,16,31,12,512,0,2.1,3,3,517
517,ROG Strix,19,3,17.3,31,8,43,103,128,1000,2.73,3,3,518
518,SP315-51 (i7-7500U/12GB/1TB/FHD/W10),4,5,15.6,24,12,84,8,0,1000,2.15,3,3,519
519,Latitude 5580,2,5,15.6,10,16,99,65,256,0,1.93,3,3,520
520,Omen 17-an006nv,7,3,17.3,31,12,54,103,0,1000,3.78,3,3,521
521,Inspiron 3552,2,5,15.6,16,4,12,87,0,500,2.2,3,3,522
522,ProBook 450,7,5,15.6,16,4,2,8,0,500,2.04,3,3,523
523,Legion Y520-15IKBN,14,3,15.6,31,8,54,103,256,1000,2.4,1,1,524
524,Inspiron 5567,2,5,15.6,10,8,84,1,256,0,2.33,2,1,525
525,15-BS026nv (i5-7200U/8GB/256GB/Radeon,7,5,15.6,16,8,2,44,256,0,1.91,3,3,526
526,EliteBook 820,7,4,12.5,16,8,118,53,256,0,1.26,3,5,527
527,Vostro 5468,2,5,14.0,10,4,45,53,128,0,1.6,3,3,528
528,Aspire A515-51G,4,5,15.6,31,4,58,12,256,0,2.2,3,3,529
529,IdeaPad 520S-14IKB,14,5,14.0,31,8,91,8,256,0,1.7,1,1,530
530,IdeaPad 310-15IKB,14,5,15.6,10,8,84,102,0,1000,2.2,1,1,531
531,Probook 450,7,5,15.6,10,4,3,53,0,500,2.07,3,3,532
532,XPS 13,2,6,13.3,32,8,69,47,512,0,1.24,3,3,533
533,ZenBook UX310UA-FB485T,19,5,13.3,14,8,2,8,256,0,1.4,3,3,534
534,Thinkpad T570,14,5,15.6,31,8,84,33,256,0,1.95,3,3,535
535,Latitude E7270,2,4,12.5,23,8,118,53,256,0,1.26,3,5,536
536,Inspiron 5570,2,5,15.6,10,8,31,21,256,2000,2.02,3,3,537
537,ZBook 17,7,1,17.3,10,8,54,22,0,500,3.14,3,3,538
538,UX430UQ-GV209R (i7-7500U/8GB/256GB/GeForce,19,4,14.0,31,8,84,19,256,0,1.3,3,3,539
539,EliteBook 820,7,4,12.5,10,4,3,53,0,500,1.26,3,3,540
540,XPS 13,2,4,13.3,14,8,25,53,256,0,1.3,3,3,541
541,Elitebook 820,7,4,12.5,16,4,2,8,256,0,1.26,3,3,542
542,Vostro 3568,2,5,15.6,16,8,45,53,256,0,2.0,3,3,543
543,Aspire ES1-523,4,5,15.6,16,8,75,52,0,1000,2.4,3,3,544
544,Inspiron 5567,2,5,15.6,16,12,84,8,0,1000,2.3,3,3,545
545,ThinkPad 13,14,5,13.3,16,4,35,9,16,0,1.45,5,1,546
546,Latitude 3580,2,5,15.6,10,8,2,8,0,1000,2.06,3,3,547
547,ROG GL703VD-GC028T,19,3,17.3,10,16,54,42,256,1000,2.9,3,3,548
548,Latitude 3570,2,5,15.6,16,4,19,53,0,500,2.06,3,3,549
549,IdeaPad Y700-15ISK,14,3,15.6,24,16,81,46,128,1000,2.6,3,3,550
550,Latitude 5580,2,5,15.6,16,4,2,8,0,500,1.9,3,3,551
551,ZenBook 3,19,4,14.0,10,16,84,8,512,0,1.1,3,3,552
552,15-bs053od (i7-7500U/6GB/1TB/W10),7,5,15.6,16,6,84,8,0,1000,2.04,3,3,553
553,ProBook 470,7,5,17.3,1,8,2,65,0,1000,2.63,3,3,554
554,XPS 13,2,4,13.3,32,8,31,12,256,0,1.2,3,3,555
555,Inspiron 7567,2,3,15.6,10,8,54,42,0,1000,2.62,3,3,556
556,Inspiron 5378,2,6,13.3,23,8,2,8,256,0,1.68,3,3,557
557,VivoBook S14,19,5,14.0,16,4,41,8,128,0,1.3,3,3,558
558,Vostro 3568,2,5,15.6,10,4,84,66,256,0,2.18,3,3,559
559,Pro P2540UA-XO0198T,19,5,15.6,16,4,41,8,0,1000,2.37,3,3,560
560,15-BW037na (A9-9420/4GB/1TB/Radeon,7,5,15.6,10,4,18,44,0,1000,2.1,3,3,561
561,Thinkpad T460,14,4,14.0,31,8,55,53,256,0,1.7,3,3,562
562,Thinkpad E570,14,5,15.6,31,8,2,19,256,0,2.3,3,3,563
563,Portege A30-C-1CZ,3,5,13.3,16,8,3,53,256,0,1.5,3,3,564
564,Thinkpad 13,14,5,13.3,31,4,41,8,1,0,1.44,3,3,565
565,Portege X30-D-10V,3,5,13.3,10,8,2,8,256,0,1.05,3,3,566
566,Legion Y520-15IKBN,14,3,15.6,31,8,54,20,128,1000,2.5,3,3,567
567,Aspire F5-573G-510L,4,5,15.6,10,12,2,81,128,1000,2.4,3,3,568
568,X542UQ-DM117 (i3-7100U/8GB/1TB/GeForce,19,5,15.6,10,8,41,19,0,1000,2.3,2,1,569
569,IdeaPad 320-15ISK,14,5,15.6,10,4,3,53,0,500,2.2,3,3,570
570,ProBook 450,7,5,15.6,10,8,58,12,0,1000,2.1,3,3,571
571,Yoga 720-15IKB,14,6,15.6,24,8,54,33,256,0,2.0,3,3,572
572,V330-15IKB (i7-8550U/8GB/256GB/FHD/W10),14,5,15.6,10,8,31,12,256,0,2.05,3,3,573
573,ZBook 15u,7,1,15.6,10,8,25,30,256,0,1.9,3,5,574
574,ThinkPad T460,14,5,14.0,16,4,3,53,127,381,1.7,3,5,575
575,ThinkPad L570,14,5,15.6,16,4,2,8,0,500,2.38,3,3,576
576,Inspiron 5570,2,5,15.6,10,8,31,12,128,1000,2.02,3,3,577
577,K556UR-DM621T (i7-7500U/8GB/256GB/GeForce,19,5,15.6,31,8,84,64,256,0,2.3,3,3,578
578,Inspiron 3576,2,5,15.6,10,8,31,44,256,0,2.13,3,3,579
579,ThinkPad Yoga,14,6,13.3,24,8,84,8,256,0,1.37,3,3,580
580,Inspiron 5567,2,5,15.6,16,8,84,1,0,1000,2.36,3,3,581
581,GT72S Dominator,17,3,17.3,31,16,111,56,256,1000,3.78,3,3,582
582,Latitude 5480,2,5,14.0,10,8,88,65,256,0,1.64,2,1,583
583,Inspiron 5567,2,5,15.6,10,8,2,1,256,0,2.36,3,3,584
584,15-AY023na (N3710/8GB/2TB/W10),7,5,15.6,16,8,12,16,0,2000,2.04,3,3,585
585,15-bs190od (i5-8250U/4GB/1TB/W10),7,5,15.6,9,4,58,12,0,1000,2.04,3,3,586
586,Rog GL553VE-DS74,19,3,15.6,10,16,54,43,256,1000,2.5,3,3,587
587,Vostro 5568,2,5,15.6,10,8,45,72,256,0,2.0,3,3,588
588,Precision 3520,2,1,15.6,23,8,54,90,256,0,2.06,3,3,589
589,250 G6,7,5,15.6,10,4,12,16,256,0,1.86,3,3,590
590,250 G6,7,5,15.6,16,4,2,44,0,500,1.86,3,3,591
591,EliteBook 820,7,4,12.5,16,4,3,53,256,0,1.26,3,3,592
592,Surface Laptop,9,4,13.5,27,8,2,8,256,0,1.252,3,2,593
593,Inspiron 3552,2,5,15.6,16,4,21,87,0,500,2.2,3,3,594
594,Legion Y520-15IKBN,14,3,15.6,31,8,43,42,128,1000,2.5,3,3,595
595,ProBook 470,7,5,17.3,10,8,84,65,256,0,2.63,3,3,596
596,XPS 13,2,4,13.3,13,8,31,12,256,0,1.21,3,3,597
597,Thinkpad X260,14,4,12.5,29,8,3,53,1,0,1.3,3,3,598
598,Mi Notebook,8,5,15.6,31,8,58,32,256,0,1.95,1,1,599
599,Elitebook 840,7,5,14.0,10,8,84,8,256,0,1.48,3,3,600
600,Alienware 15,2,3,15.6,22,16,81,37,256,1000,3.21,3,3,601
601,ProBook 450,7,5,15.6,10,8,84,8,256,0,2.04,3,3,602
602,ProBook 450,7,5,15.6,31,8,41,61,0,1000,2.1,3,3,603
603,Inspiron 3567,2,5,15.6,10,4,45,5,256,0,2.2,2,1,604
604,"MacBook 12""",5,4,12.0,40,8,28,82,512,0,0.92,6,4,605
605,Inspiron 5567,2,5,15.6,16,8,2,1,0,1000,2.36,3,3,606
606,255 G6,7,5,15.6,10,4,7,23,256,0,1.86,3,3,607
607,ThinkPad Yoga,14,2,12.5,24,16,116,53,512,0,1.3,3,3,608
608,Elitebook 820,7,2,12.5,10,8,84,8,512,0,1.26,3,3,609
609,EliteBook 1040,7,4,14.0,10,8,25,53,256,0,1.43,3,3,610
610,Inspiron 5570,2,5,15.6,10,8,58,21,0,2000,2.02,3,3,611
611,ZenBook Pro,19,5,15.6,21,12,81,45,128,1000,2.06,3,3,612
612,Probook 440,7,5,14.0,29,4,58,12,0,500,1.63,3,3,613
613,Envy 13-ad009n,7,4,13.3,31,8,84,32,256,0,1.38,3,3,614
614,Portege Z30-C-16Z,3,5,13.3,10,8,118,53,256,0,1.2,3,3,615
615,Inspiron 3567,2,5,15.6,16,8,41,8,0,1000,2.3,3,3,616
616,IdeaPad 320-15ISK,14,5,15.6,16,8,45,53,128,0,2.2,3,3,617
617,Aspire A515-51G,4,5,15.6,31,8,31,85,0,1000,2.2,3,3,618
618,Surface Laptop,9,4,13.5,27,8,56,31,256,0,1.25,3,2,619
619,Elitebook 1040,7,4,14.0,31,8,84,8,256,0,1.36,3,3,620
620,Portege Z30-C-16J,3,5,13.3,10,8,3,53,256,0,1.2,3,3,621
621,MacBook Pro,5,4,13.3,35,8,46,14,256,0,1.37,6,1,622
622,Pavilion X360,7,6,14.0,24,4,41,19,128,0,1.63,3,3,623
623,Vivobook E200HA,19,2,11.6,16,2,85,105,32,0,0.98,3,3,624
624,SmartBook Edge,13,5,13.3,31,4,44,13,32,0,1.2,3,3,625
625,Latitude 3580,2,5,15.6,16,4,3,53,0,500,1.95,3,3,626
626,15-bs005nv (i3-6006U/4GB/1TB,7,5,15.6,10,4,45,44,128,1000,2.1,3,3,627
627,Inspiron 3567,2,5,15.6,16,4,2,5,0,500,2.25,3,3,628
628,Latitude 5580,2,5,15.6,10,16,59,8,512,0,1.93,3,3,629
629,Yoga 720-15IKB,14,6,15.6,24,8,54,20,512,0,2.0,3,3,630
630,EliteBook x360,7,6,13.3,23,4,2,8,256,0,1.28,3,3,631
631,FX553VD-DM627T (i5-7300HQ/8GB/1TB,19,5,15.6,10,8,43,42,128,1000,2.5,3,3,632
632,FX553VD-FY647T (i7-7700HQ/8GB/256GB/GeForce,19,3,15.6,10,8,54,42,256,0,2.5,3,3,633
633,Inspiron 5570,2,5,15.6,10,8,31,21,128,2000,2.02,3,3,634
634,ThinkPad T470s,14,4,14.0,31,8,2,8,256,0,1.32,3,3,635
635,ThinkPad P51,14,1,15.6,10,8,54,22,512,0,2.67,3,3,636
636,ZenBook UX310UA-WB71,19,4,13.3,10,8,25,53,256,0,1.45,3,3,637
637,Tecra A40-C-1E5,3,5,14.0,29,4,3,53,128,0,1.75,3,3,638
638,Inspiron 7577,2,3,15.6,10,8,43,42,0,1000,2.65,3,3,639
639,ThinkPad X270,14,4,12.5,31,8,2,8,256,0,1.36,3,3,640
640,Inspiron 3567,2,5,15.6,10,4,2,87,0,1000,2.25,3,3,641
641,EliteBook 840,7,4,14.0,10,4,77,8,256,0,1.48,3,3,642
642,PortÃ©gÃ© Z30-C-188,3,4,13.3,16,8,3,53,256,0,1.2,3,3,643
643,Aspire E5-774G,4,5,17.3,1,8,113,19,0,1000,3.3,3,3,644
644,Inspiron 7378,2,6,13.3,24,8,2,8,256,0,1.6,3,3,645
645,Legion Y520-15IKBN,14,3,15.6,10,16,54,103,512,0,2.4,1,1,646
646,Probook 470,7,5,17.3,10,16,31,61,512,0,2.5,3,3,647
647,Vostro 3568,2,5,15.6,16,4,45,53,0,500,2.29,3,3,648
648,Pro P2540UA-XS51,19,5,15.6,10,8,2,8,256,0,2.37,3,3,649
649,ThinkPad T470,14,5,14.0,10,8,2,8,256,0,1.65,3,3,650
650,Inspiron 3567,2,5,15.6,16,12,2,8,0,1000,2.25,3,3,651
651,UX410UA-GV097T (i3-7100U/4GB/256GB/FHD/W10),19,5,14.0,10,4,41,8,256,0,2.0,3,3,652
652,Probook 650,7,5,15.6,10,4,3,53,0,500,2.31,3,5,653
653,GL62M 7REX,17,3,15.6,10,8,54,43,128,1000,2.2,3,3,654
654,ZBook 17,7,1,17.3,31,8,81,67,0,1000,3.0,3,5,655
655,EliteBook 840,7,4,14.0,10,8,84,8,512,0,1.48,3,3,656
656,Latitude 5289,2,6,12.5,23,8,2,8,256,0,1.34,3,3,657
657,ZenBook Flip,19,6,13.3,7,8,2,8,256,0,1.1,3,3,658
658,IdeaPad 320-15ISK,14,5,15.6,10,4,45,53,128,0,2.2,3,3,659
659,FX753VE-GC093 (i7-7700HQ/12GB/1TB/GeForce,19,3,17.3,10,12,54,43,0,1000,3.0,2,1,660
660,Vostro 3568,2,5,15.6,16,4,2,8,0,1000,2.18,3,3,661
661,Aspire 3,4,5,15.6,16,4,18,52,256,0,2.1,3,3,662
662,Ideapad 320-15ISK,14,5,15.6,10,4,45,49,0,1000,2.2,3,3,663
663,GP62MVR 6RF,17,3,15.6,10,8,81,103,128,1000,2.2,3,3,664
664,ProBook 440,7,5,14.0,10,8,2,8,256,0,1.64,3,3,665
665,Spectre x360,7,6,13.3,24,8,58,12,256,0,1.26,3,3,666
666,Thinkpad T470,14,5,14.0,31,8,84,8,256,0,1.58,3,3,667
667,ES1-523-84K7 (A8-7410/8GB/256GB/FHD/W10),4,5,15.6,10,8,75,52,256,0,2.23,3,3,668
668,GS60 Ghost,17,3,15.6,10,16,81,37,128,1000,1.91,3,3,669
669,Precision 3520,2,1,15.6,31,16,101,90,256,0,2.17,3,3,670
670,ProBook 440,7,5,14.0,16,4,2,8,256,0,1.64,3,3,671
671,Tecra X40-D-10Z,3,4,14.0,16,4,2,8,128,0,1.25,3,3,672
672,Legion Y520-15IKBN,14,3,15.6,10,16,54,43,512,0,2.4,3,3,673
673,Rog GL552VW-CN470T,19,3,15.6,31,16,81,46,128,1000,2.59,3,3,674
674,Vostro 3568,2,5,15.6,16,4,113,72,0,1000,2.18,2,1,675
675,Inspiron 7567,2,3,15.6,10,8,54,42,250,750,2.62,3,3,676
676,FX753VE-GC155T (i7-7700HQ/16GB/1TB,19,3,17.3,10,16,54,76,256,1000,3.0,3,3,677
677,Ideapad 310-15ISK,14,5,15.6,10,4,45,53,0,1000,1.85,3,3,678
678,MacBook Pro,5,4,15.4,4,16,71,89,512,0,1.83,6,1,679
679,Rog G752VL-GC088D,19,3,17.3,31,16,81,2,0,1000,4.0,1,1,680
680,ThinkPad L470,14,5,14.0,10,8,3,53,256,0,2.02,3,5,681
681,UX410UA-GV350T (i5-8250U/8GB/256GB/FHD/W10),19,5,14.0,10,8,58,12,256,0,1.4,3,3,682
682,EliteBook 840,7,4,14.0,37,8,25,53,256,0,1.54,3,5,683
683,EliteBook 850,7,5,15.6,10,8,25,53,256,0,1.84,3,3,684
684,Aspire 3,4,5,15.6,16,6,18,52,0,1000,2.1,3,3,685
685,Aspire A515-51G-37JS,4,5,15.6,10,4,91,85,256,0,2.2,3,3,686
686,Inspiron 5770,2,5,17.3,31,8,58,21,128,1000,2.8,3,3,687
687,Macbook Air,5,4,13.3,17,8,52,84,128,0,1.34,6,1,688
688,Inspiron 7570,2,5,15.6,31,8,31,19,512,0,2.16,3,3,689
689,TravelMate P259-G2,4,5,15.6,16,4,2,8,0,500,2.23,3,3,690
690,XPS 15,2,5,15.6,10,8,54,42,256,0,2.0,3,3,691
691,Stream 11-Y000na,7,2,11.6,16,2,30,105,32,0,1.17,3,3,692
692,Inspiron 5567,2,5,15.6,16,4,113,92,128,0,2.3,3,3,693
693,Alienware 17,2,3,17.3,31,32,54,79,512,1000,4.42,3,3,694
694,GL72M 7RDX,17,3,17.3,10,8,43,42,128,1000,2.7,3,3,695
695,GP72MVR 7RFX,17,3,17.3,10,8,54,103,128,1000,2.7,3,3,696
696,ProBook 650,7,5,15.6,10,8,26,33,256,0,2.31,3,3,697
697,Inspiron 5578,2,6,15.6,23,16,84,8,512,0,2.09,3,3,698
698,ProBook 450,7,5,15.6,16,4,41,8,0,500,2.1,3,3,699
699,ThinkPad Yoga,14,4,12.5,24,8,25,53,256,0,1.3,3,3,700
700,F756UX-T4201D (i7-7500U/8GB/128GB,19,5,17.3,10,8,84,81,128,1000,2.69,1,1,701
701,IdeaPad 110-15ISK,14,5,15.6,10,4,113,53,0,1000,2.2,1,1,702
702,Aspire ES1-531,4,5,15.6,16,4,30,105,0,500,2.4,2,1,703
703,Latitude 3580,2,5,15.6,16,8,2,8,128,0,1.95,3,3,704
704,Swift 7,4,4,13.3,31,8,1,47,256,0,1.12,3,3,705
705,17-AK091ND (A9-9420/8GB/1TB/W10),7,5,17.0,1,8,18,52,0,1000,2.6,3,3,706
706,Tecra Z50-C-140,3,5,15.6,31,16,55,48,256,0,2.4,3,3,707
707,IdeaPad 310-15ABR,14,5,15.6,10,6,64,94,0,1000,2.4,3,3,708
708,IdeaPad Y900-17ISK,14,3,17.3,31,16,111,56,506,750,4.6,3,3,709
709,IdeaPad 100S-14IBR,14,5,14.0,16,2,60,87,64,0,1.5,3,3,710
710,Inspiron 5570,2,5,15.6,10,16,31,21,256,2000,2.2,3,3,711
711,Inspiron 5770,2,5,17.3,10,8,31,21,128,1000,2.8,3,3,712
712,ThinkPad E480,14,5,14.0,31,8,58,106,256,0,1.75,3,3,713
713,IdeaPad 310-15ISK,14,5,15.6,16,8,25,102,0,500,2.2,1,1,714
714,Portege Z30-C-16H,3,5,13.3,10,4,3,53,128,0,1.2,3,3,715
715,X751NV-TY001 (N4200/4GB/1TB/GeForce,19,5,17.3,16,4,61,102,0,1000,2.8,3,3,716
716,250 G6,7,5,15.6,16,4,45,53,0,1000,1.86,1,1,717
717,ThinkPad E470,14,5,14.0,10,4,2,8,0,500,1.87,3,3,718
718,Inspiron 5570,2,4,15.6,10,8,58,21,0,1000,1.9,3,3,719
719,250 G5,7,5,15.6,10,8,25,53,256,0,1.96,3,3,720
720,ThinkPad X1,14,4,14.0,31,16,84,8,512,0,1.14,3,3,721
721,Portege X30-D-10K,3,4,13.3,10,16,84,8,512,0,1.05,3,3,722
722,ZenBook UX430UA,19,4,14.0,10,8,31,12,256,0,1.25,3,3,723
723,FX753VD-GC086T (i5-7300HQ/8GB/1TB,19,3,17.3,10,8,43,42,128,1000,3.0,3,3,724
724,EliteBook 840,7,5,14.0,10,8,59,8,256,0,1.48,3,3,725
725,Thinkpad X270,14,4,12.5,31,8,84,8,256,0,1.36,3,3,726
726,TP501UA-CJ131T (i5-7200U/8GB/1TB/W10),19,6,15.6,9,8,2,53,0,1000,2.2,3,3,727
727,GP72M 7REX,17,3,17.3,10,16,54,43,256,1000,2.7,3,3,728
728,Tecra Z50-C-144,3,5,15.6,31,8,25,53,256,0,2.2,3,3,729
729,Legion Y720-15IKB,14,3,15.6,31,8,54,103,256,1000,3.2,3,3,730
730,Inspiron 5379,2,6,13.3,23,16,31,12,512,0,1.62,3,3,731
731,EliteBook 840,7,5,14.0,10,8,99,8,1000,0,1.48,3,3,732
732,VivoBook Max,19,5,15.6,16,4,2,8,256,0,2.0,3,3,733
733,ThinkPad P51s,14,1,15.6,10,16,25,104,512,0,2.18,3,5,734
734,250 G6,7,5,15.6,16,4,2,8,0,500,1.86,3,3,735
735,XPS 13,2,4,13.3,32,16,84,8,1000,0,1.2,3,3,736
736,Latitude 5580,2,5,15.6,10,8,59,8,0,500,1.9,3,3,737
737,Vostro 5568,2,5,15.6,10,8,84,93,256,0,1.98,2,1,738
738,Rog GL702VS-GC095T,19,3,17.3,10,16,54,79,256,1000,2.9,3,3,739
739,Pavilion x360,7,6,15.6,9,4,2,8,0,500,2.3,3,3,740
740,Rog GL702VM-GC354T,19,3,17.3,31,8,54,103,256,1000,2.7,3,3,741
741,Thinkpad E470,14,5,14.0,31,8,2,102,256,0,1.87,3,3,742
742,Yoga 920-13IKB,14,6,13.9,24,8,58,12,256,0,1.4,3,3,743
743,Rog GL752VW-T4308T,19,3,17.3,10,8,81,46,128,1000,3.52,3,3,744
744,V330-15IKB (i5-8250U/4GB/500GB/FHD/W10),14,5,15.6,10,4,58,8,0,500,2.05,3,3,745
745,EliteBook 850,7,5,15.6,10,8,118,53,256,500,1.84,3,3,746
746,GS63VR 7RG,17,3,15.6,10,16,54,79,256,2000,1.8,3,3,747
747,IdeaPad 320-15IAP,14,5,15.6,16,4,61,60,0,1000,2.2,3,3,748
748,15-bw007nv (A10-9620P/6GB/128GB/Radeon,7,5,15.6,31,6,79,21,128,0,1.91,3,3,749
749,ROG Strix,19,3,17.3,10,16,54,103,256,1000,2.9,3,3,750
750,Spectre x360,7,6,13.3,13,8,31,12,512,0,1.29,3,3,751
751,Rog G752VT-GC073T,19,3,17.3,31,16,81,37,128,1000,4.0,3,3,752
752,Vostro 5468,2,5,14.0,10,8,2,8,256,0,1.6,3,3,753
753,Inspiron 5577,2,3,15.6,10,8,43,42,0,1000,2.56,3,3,754
754,Aspire A517-51G,4,5,17.3,31,4,58,32,256,0,3.0,3,3,755
755,IdeaPad 110-15ISK,14,5,15.6,16,8,19,53,0,1000,2.29,3,3,756
756,Omen 17-w207nv,7,3,17.3,10,12,54,79,256,1000,3.35,3,3,757
757,Inspiron 7773,2,5,17.3,23,16,31,4,512,0,2.77,3,3,758
758,Latitude 7480,2,4,14.0,10,8,2,8,256,0,1.36,3,3,759
759,IdeaPad 320-15ABR,14,5,15.6,16,8,17,57,0,1000,2.2,3,3,760
760,Latitude 7480,2,5,14.0,10,8,59,8,256,0,1.36,3,3,761
761,Yoga 520-14IKB,14,6,14.0,24,4,41,8,256,0,1.74,3,3,762
762,IdeaPad 510-15IKB,14,5,15.6,10,6,84,19,256,0,2.2,3,3,763
763,Nitro AN515-51,4,3,15.6,31,8,43,42,256,0,2.5,3,3,764
764,17-BS092ND (i3-6006U/8GB/256GB/W10),7,5,17.3,1,8,45,53,256,0,2.5,3,3,765
765,IdeaPad Y700-15ISK,14,3,15.6,31,8,81,101,128,1000,2.6,3,3,766
766,ThinkPad X1,14,4,14.0,8,8,25,53,512,0,1.17,3,3,767
767,IdeaPad 320-15IKBN,14,5,15.6,16,8,2,8,256,0,2.2,3,3,768
768,IdeaPad 120S-14IAP,14,5,14.0,16,4,62,13,32,0,1.44,3,3,769
769,Legion Y520-15IKBN,14,3,15.6,31,16,54,43,256,1000,2.5,3,3,770
770,Vostro 5568,2,5,15.6,10,8,2,8,0,1000,1.98,2,1,771
771,GP62M Leopard,17,3,15.6,10,8,54,42,128,1000,2.2,3,3,772
772,EliteBook 1030,7,5,13.3,32,8,14,82,256,0,1.16,3,3,773
773,Yoga 500-14IBD,14,6,14.0,23,4,3,53,128,0,1.8,3,3,774
774,FX502VM-DM105T (i7-6700HQ/8GB/1TB/GeForce,19,3,15.6,10,8,81,103,0,1000,2.2,3,3,775
775,IdeaPad 310-15IKB,14,5,15.6,10,6,2,8,0,1000,2.4,3,3,776
776,Pavilion 15-CK000nv,7,4,15.6,31,8,31,15,256,0,1.83,3,3,777
777,IdeaPad 320-15IKBN,14,5,15.6,16,8,2,19,0,2000,2.2,1,1,778
778,Spin 3,4,5,15.6,24,6,41,8,0,1000,2.1,3,3,779
779,250 G6,7,5,15.6,10,4,45,53,0,1000,1.86,3,3,780
780,Latitude E5570,2,5,15.6,16,4,3,53,0,500,2.09,2,1,781
781,A715-71G-59DH (i5-7300HQ/8GB/1TB/GeForce,4,3,15.6,10,8,43,42,0,1000,2.4,2,1,782
782,17-Y002nv (A10-9600P/6GB/2TB/Radeon,7,5,17.3,31,6,64,92,0,2000,2.65,3,3,783
783,MacBook Air,5,4,13.3,17,8,104,84,128,0,1.35,6,4,784
784,Precision 3520,2,1,15.6,10,8,54,90,0,1000,2.23,3,3,785
785,X553SA-XX031T (N3050/4GB/500GB/W10),19,5,15.6,16,4,60,87,0,500,2.2,3,3,786
786,Precision 5520,2,1,15.6,31,8,101,22,256,0,2.0,3,3,787
787,Rog Strix,19,3,17.3,10,8,73,24,256,1000,3.2,3,3,788
788,IdeaPad 510-15IKB,14,5,15.6,10,8,84,19,0,1000,2.2,1,1,789
789,Inspiron 5567,2,5,15.6,16,8,2,1,0,1000,2.32,2,1,790
790,X705UV-BX074T (i3-6006U/4GB/1TB/GeForce,19,5,17.3,10,4,45,102,0,1000,2.0,3,3,791
791,X541UV-DM1439T (i3-7100U/6GB/256GB/GeForce,19,5,15.6,10,6,41,80,256,0,2.0,3,3,792
792,15-ba043na (A12-9700P/8GB/2TB/W10),7,5,15.6,16,8,8,96,0,2000,2.04,3,3,793
793,Probook 450,7,5,15.6,31,8,117,65,128,1000,2.04,3,3,794
794,Legion Y520-15IKBN,14,3,15.6,31,8,43,42,0,1000,2.5,1,1,795
795,Vostro 3568,2,5,15.6,16,4,2,53,0,1000,2.18,2,1,796
796,ProBook 470,7,5,17.3,10,8,58,12,256,0,2.5,3,3,797
797,Thinkpad L560,14,5,15.6,10,8,3,53,256,0,2.3,3,3,798
798,ZBook 17,7,1,15.6,10,8,54,10,256,0,3.14,3,3,799
799,Elitebook 850,7,5,15.6,10,8,84,8,256,0,1.84,3,3,800
800,IdeaPad 320-17IKBR,14,5,17.3,10,8,31,32,0,2000,2.8,1,1,801
801,XPS 13,2,4,13.3,10,8,58,12,256,0,1.23,3,3,802
802,Rog GL502VM-DS74,19,3,15.6,10,16,54,103,128,1000,2.1,3,3,803
803,GE72VR 6RF,17,3,17.3,10,16,54,43,256,1000,2.7,3,3,804
804,Aspire A515-51G-32MX,4,5,15.6,10,4,91,85,0,1000,2.2,3,3,805
805,N23 (N3060/4GB/128GB/W10),14,2,11.6,9,4,30,105,128,0,1.4,3,3,806
806,Inspiron 3552,2,5,15.6,16,4,21,87,0,500,2.2,2,1,807
807,IdeaPad 320-15ISK,14,5,15.6,16,8,45,49,256,0,2.2,1,1,808
808,ProBook 450,7,5,15.6,16,4,41,8,256,0,2.04,3,3,809
809,Alienware 17,2,5,17.3,31,8,100,103,0,1000,4.42,3,3,810
810,MacBook Pro,5,4,13.3,35,8,115,35,512,0,1.37,6,1,811
811,FX550IK-DM018T (FX-9830P/8GB/1TB/Radeon,19,3,15.6,10,8,29,40,0,1000,2.45,3,3,812
812,Aspire R7,4,6,13.3,24,8,25,53,256,0,1.6,3,3,813
813,Portege X20W-D-10V,3,4,12.5,23,8,84,8,512,0,1.1,3,3,814
814,Aspire 3,4,5,15.6,16,4,2,8,256,0,2.1,3,3,815
815,GL553VE-FY082T (i7-7700HQ/8GB/1TB,19,3,15.6,10,8,54,43,128,1000,2.5,3,3,816
816,Spectre Pro,7,4,13.3,10,8,25,53,512,0,1.16,3,3,817
817,17-bs000nv I3,7,5,17.3,31,4,45,29,256,0,2.5,3,3,818
818,GE72 Apache,17,3,17.3,10,8,81,46,128,1000,2.9,3,3,819
819,Inspiron 5379,2,6,13.3,24,8,31,12,0,1000,1.62,3,3,820
820,EliteBook 820,7,4,12.5,10,8,25,53,256,0,1.26,3,3,821
821,Thinkpad Yoga,14,6,13.3,24,8,84,8,256,0,1.37,3,3,822
822,V110-15ISK (i3-6006U/4GB/1TB/No,14,5,15.6,16,4,113,53,0,1000,1.9,1,1,823
823,Latitude 3480,2,5,14.0,16,4,3,53,0,500,1.76,3,3,824
824,Latitude 7280,2,4,12.5,10,8,99,8,256,0,1.6,3,3,825
825,Inspiron 3567,2,5,15.6,10,4,2,5,256,0,2.3,3,3,826
826,Mi Notebook,8,4,13.3,31,8,2,32,256,0,1.3,1,1,827
827,Probook 430,7,5,13.3,10,8,2,8,256,0,1.49,3,3,828
828,ProBook 430,7,5,13.3,10,8,31,12,512,0,1.49,3,3,829
829,Aspire A315-31,4,5,15.6,16,4,62,13,0,1000,2.1,3,3,830
830,Portege Z30-C-1CW,3,5,13.3,10,8,3,53,256,0,1.2,3,5,831
831,EliteBook 850,7,5,15.6,10,8,3,53,256,0,1.88,3,5,832
832,Spectre 13-V111dx,7,4,13.3,24,8,84,8,256,0,1.11,3,3,833
833,Chromebook 3,1,2,11.6,16,4,30,105,16,0,1.15,5,1,834
834,"MacBook 12""",5,4,12.0,40,8,49,47,256,0,0.92,6,1,835
835,XPS 13,2,4,13.3,32,16,56,31,512,0,1.29,3,3,836
836,E5 774G,4,5,17.3,1,4,45,19,0,1000,3.3,3,3,837
837,IdeaPad Y700-15ISK,14,5,15.6,31,8,90,46,128,1000,2.6,3,3,838
838,IdeaPad 320-15IKB,14,5,15.6,10,8,84,102,0,1000,2.2,3,3,839
839,Gram 14Z970,15,4,14.0,24,8,84,8,512,0,0.98,3,3,840
840,Latitude 3380,2,5,13.3,16,4,45,53,128,0,1.65,3,3,841
841,Gram 15Z975,15,4,15.6,31,8,31,8,512,0,1.09,3,3,842
842,IdeaPad 320-15AST,14,5,15.6,10,4,68,21,256,0,2.2,3,3,843
843,14-am079na (N3710/8GB/2TB/W10),7,5,14.0,16,8,12,16,0,2000,1.94,3,3,844
844,Pixelbook (Core,6,4,12.3,34,8,103,47,256,0,1.1,5,1,845
845,Flex 5,14,6,14.0,23,8,2,8,256,0,1.7,3,3,846
846,Vostro 3568,2,5,15.6,10,4,2,8,0,1000,2.18,3,3,847
847,15-cd005nv (A9-9420/6GB/256GB/Radeon,7,5,15.6,31,6,108,21,256,0,1.95,3,3,848
848,ThinkPad T460,14,5,14.0,10,8,3,53,1,0,1.7,3,5,849
849,A541NA-GO342 (N3350/4GB/500GB/Linux),19,5,15.6,16,4,62,13,0,500,2.0,2,1,850
850,IdeaPad 320-17ISK,14,5,17.3,1,4,45,53,0,1000,2.8,3,3,851
851,Notebook 9,1,4,13.3,10,8,2,8,256,0,0.81,3,3,852
852,XPS 13,2,4,13.3,32,8,118,53,256,0,1.23,2,1,853
853,ProBook x360,7,6,11.6,9,4,61,60,256,0,1.45,3,3,854
854,Spectre Pro,7,6,13.3,38,8,55,53,256,0,1.48,3,3,855
855,17-BS037cl (i3-6006U/8GB/1TB/W10),7,5,17.3,1,8,45,53,0,1000,2.54,3,3,856
856,ThinkPad P40,14,6,14.0,24,8,55,78,512,0,1.8,3,5,857
857,IdeaPad 310-15ISK,14,5,15.6,10,6,19,102,128,0,2.4,3,3,858
858,Aspire A515-51G-59QF,4,5,15.6,31,4,58,32,0,1000,2.2,3,3,859
859,VivoBook S15,19,5,15.6,10,8,31,19,256,0,1.7,3,3,860
860,Nitro 5,4,3,15.6,31,8,54,42,128,1000,2.7,3,3,861
861,15-bs011nv (i7-7500U/4GB/500GB/Radeon,7,5,15.6,31,4,84,21,0,500,2.1,3,3,862
862,X555QG-DM242T (A10-9620P/4GB/1TB,19,5,15.6,10,4,79,5,128,1000,2.2,3,3,863
863,ThinkPad L460,14,5,14.0,31,8,3,53,256,0,1.9,3,3,864
864,ZBook 15u,7,5,15.6,10,8,2,109,0,500,1.9,3,3,865
865,V310-15IKB (i5-7200U/4GB/1TB/No,14,5,15.6,16,4,2,8,0,1000,1.9,1,1,866
866,IdeaPad 320-17IKB,14,5,17.3,1,8,2,8,0,1000,2.8,1,1,867
867,Swift 3,4,5,14.0,31,4,41,8,128,0,1.8,3,3,868
868,ThinkPad T570,14,5,15.6,31,8,2,8,256,0,1.95,3,3,869
869,Chromebook C202SA,19,2,11.6,16,4,30,105,16,0,1.2,5,1,870
870,X553SA-XX021T (N3050/4GB/500GB/W10),19,5,15.6,16,4,60,87,0,500,2.2,3,3,871
871,ThinkPad E480,14,5,14.0,31,8,58,12,256,0,1.75,3,3,872
872,Legion Y520-15IKBN,14,3,15.6,31,16,54,43,256,0,2.5,3,3,873
873,250 G6,7,5,15.6,10,8,2,8,256,0,1.86,1,1,874
874,Spectre Pro,7,5,13.3,10,8,3,53,256,0,1.16,3,3,875
875,Thinkpad T460s,14,4,14.0,8,12,55,53,256,0,1.4,3,3,876
876,GE73VR 7RE,17,3,17.3,10,16,54,103,256,1000,2.8,3,3,877
877,Tecra Z40-C-161,3,4,14.0,31,16,55,48,512,0,1.47,3,3,878
878,Predator 17,4,3,17.3,31,16,81,103,128,1000,4.2,3,3,879
879,Vivobook X541UV-DM1217T,19,5,15.6,10,8,2,49,256,0,2.0,3,3,880
880,ZenBook UX510UX-CN211T,19,5,15.6,10,8,84,8,256,1000,2.0,3,3,881
881,Spectre x360,7,4,13.3,21,16,84,8,512,0,1.3,3,3,882
882,Inspiron 5379,2,6,13.3,23,8,31,12,256,0,1.62,3,3,883
883,Aspire ES1-533,4,5,15.6,16,4,61,60,0,500,2.4,3,3,884
884,XPS 13,2,4,13.3,13,8,58,12,128,0,1.21,3,3,885
885,15-BA015wm (E2-7110/4GB/500GB/W10),7,5,15.6,16,4,15,70,0,500,1.86,3,3,886
886,15-cb003na (i5-7300HQ/8GB/1TB,7,5,15.6,31,8,43,42,128,1000,2.2,3,3,887
887,IdeaPad 320-17IKB,14,5,17.3,1,4,2,102,0,1000,2.79,3,3,888
888,15-bw002nv (A6-9220/4GB/256GB/Radeon,7,5,15.6,10,4,13,44,256,0,1.91,3,3,889
889,FX502VM-AS73 (i7-7700HQ/16GB/1TB,19,5,15.6,10,16,54,103,128,1000,2.2,3,3,890
890,GE62 Apache,17,3,15.6,10,8,81,46,128,1000,2.4,3,3,891
891,Inspiron 3552,2,5,15.6,16,4,80,105,0,500,1.8,3,3,892
892,Chromebook C731-C78G,4,2,11.6,29,4,30,105,32,0,1.25,5,1,893
893,Yoga 510-15IKB,14,6,15.6,23,8,2,62,256,0,2.08,3,3,894
894,X541NA (N4200/4GB/1TB/W10),19,5,15.6,16,4,61,60,0,1000,2.0,3,3,895
895,EliteBook 850,7,5,15.6,10,8,84,8,256,0,1.84,3,3,896
896,FX753VD-GC461T (i7-7700HQ/16GB/1TB,19,3,17.3,10,16,54,42,256,1000,2.9,3,3,897
897,ProBook 450,7,5,15.6,10,4,41,8,128,0,2.1,3,3,898
898,Chromebook 13,7,5,13.3,14,4,112,82,32,0,1.29,5,1,899
899,Aspire E5-575,4,5,15.6,16,6,2,8,0,1000,2.23,3,3,900
900,Vivobook Max,19,5,15.6,36,8,10,60,128,0,2.0,3,3,901
901,GS73VR Stealth,17,3,17.3,21,16,81,103,512,2000,2.43,3,3,902
902,Extensa EX2540,4,5,15.6,16,4,45,53,0,500,2.4,3,3,903
903,XPS 15,2,5,15.6,26,16,54,42,512,0,2.06,3,3,904
904,EliteBook 840,7,4,14.0,10,8,25,53,256,0,1.54,3,3,905
905,Aspire 3,4,5,15.6,16,4,61,60,0,1000,2.1,3,3,906
906,XPS 15,2,5,15.6,10,16,54,42,512,0,2.06,3,3,907
907,IdeaPad 320-15IKBN,14,5,15.6,10,8,2,8,256,0,2.2,1,1,908
908,V310-15IKB (i5-7200U/4GB/1TB/FHD/W10),14,5,15.6,10,4,2,8,0,2000,2.1,3,3,909
909,Inspiron 3567,2,5,15.6,10,8,84,5,0,1000,2.2,2,1,910
910,250 G5,7,5,15.6,16,4,12,16,0,1000,1.96,3,3,911
911,EliteBook Folio,7,2,12.5,10,8,22,82,512,0,0.97,3,3,912
912,EliteBook Folio,7,4,12.5,13,8,22,82,512,0,0.97,3,3,913
913,EliteBook x360,7,6,13.3,23,8,2,8,256,0,1.28,3,3,914
914,IdeaPad 110-15IBR,14,5,15.6,16,8,37,16,0,1000,2.2,1,1,915
915,G752VY-GC162T (i7-6700HQ/16GB/1TB,19,3,17.3,31,16,81,56,128,1000,4.3,3,3,916
916,15-bs025nv (i5-7200U/8GB/256GB/W10),7,5,15.6,16,8,2,8,256,0,1.91,3,3,917
917,Probook 440,7,5,14.0,16,4,2,8,0,500,1.64,3,3,918
918,V320-17ISK (i3-6006U/4GB/500GB/FHD/No,14,5,17.3,10,4,45,53,0,500,2.8,1,1,919
919,Inspiron 3567,2,5,15.6,10,4,45,5,0,1000,2.2,3,3,920
920,XPS 13,2,4,13.3,24,8,58,12,128,0,1.22,3,3,921
921,Latitude 7280,2,4,12.5,10,16,99,8,256,0,1.18,3,3,922
922,IdeaPad 510-15ISK,14,5,15.6,31,8,25,19,0,1000,2.2,3,3,923
923,X541NA-GO020T (N3350/4GB/1TB/W10),19,5,15.6,16,4,62,13,0,1000,2.0,3,3,924
924,ThinkPad T570,14,5,15.6,31,8,84,8,512,0,1.99,3,3,925
925,Chromebook Plus,1,6,12.3,3,4,24,74,32,0,1.15,5,1,926
926,ROG G701VO,19,3,17.3,31,64,111,86,1000,0,3.58,3,3,927
927,Notebook Odyssey,1,5,15.6,10,16,54,42,128,1000,2.5,3,3,928
928,ZenBook Flip,19,6,13.3,23,8,58,8,256,0,1.1,3,3,929
929,Notebook 9,1,4,13.3,10,16,84,8,256,0,0.81,3,3,930
930,GE72MVR 7RG,17,3,17.3,10,16,54,79,512,1000,2.9,3,3,931
931,IdeaPad 300-17ISK,14,5,17.3,1,8,3,26,0,1000,3.0,3,3,932
932,Probook 450,7,5,15.6,10,8,2,8,0,1000,2.04,3,3,933
933,15-BS103nv (i5-8250U/6GB/256GB/Radeon,7,5,15.6,10,6,58,44,256,0,1.91,3,3,934
934,Latitude E7470,2,5,14.0,10,8,118,53,256,0,1.56,3,3,935
935,Zenbook 3,19,4,14.0,10,8,84,8,512,0,1.1,3,3,936
936,Lifebook A557,18,5,15.6,16,8,2,8,0,1000,2.2,3,3,937
937,Aspire A315-51,4,5,15.6,16,4,45,53,128,0,2.1,3,3,938
938,Chromebook X360,7,6,11.6,9,4,62,13,32,0,1.4,5,1,939
939,Thinkpad T470p,14,5,14.0,31,8,43,33,256,0,1.7,3,3,940
940,Aspire ES1-572,4,5,15.6,16,4,113,53,0,500,2.4,2,1,941
941,EliteBook 820,7,4,12.5,10,8,116,53,256,0,1.26,3,5,942
942,Yoga 900-13ISK,14,6,13.3,15,8,97,17,256,0,1.3,3,3,943
943,GT62VR 6RD,17,3,15.6,10,16,81,103,256,1000,2.94,3,3,944
944,Vostro 3568,2,5,15.6,16,4,113,53,0,1000,2.18,2,1,945
945,15-BW004nv (A9-9420/4GB/256GB/Radeon,7,4,15.6,10,4,18,44,256,0,1.91,3,3,946
946,Pavilion 14-BK001nv,7,5,14.0,31,6,2,19,256,0,1.58,3,3,947
947,FX503VM-E4007T (i7-7700HQ/16GB/1TB,19,3,15.6,31,16,54,103,128,1000,2.2,3,3,948
948,Tecra X40-D-10G,3,5,14.0,24,8,2,8,256,0,1.25,3,3,949
949,IdeaPad 320-15IKBN,14,5,15.6,10,8,2,8,0,2000,2.2,1,1,950
950,XPS 13,2,4,13.3,10,8,84,8,256,0,1.29,3,3,951
951,15-bs024nv (i5-7200U/8GB/128GB/W10),7,5,15.6,16,8,2,8,128,0,1.91,3,3,952
952,Latitude E5470,2,5,14.0,16,8,19,53,128,0,1.79,3,3,953
953,Rog GL753VE-DS74,19,3,17.3,10,16,54,43,256,1000,2.99,3,3,954
954,ThinkPad X1,14,5,14.0,20,16,55,53,256,0,1.1,3,5,955
955,Alienware 17,2,3,17.3,22,32,54,79,1000,1000,4.36,3,3,956
956,ThinkPad X1,14,6,14.0,19,8,3,53,256,0,1.36,3,3,957
957,ProBook 430,7,5,13.3,10,8,84,8,256,0,1.49,3,3,958
958,IdeaPad 320-15IKBN,14,5,15.6,10,8,2,19,256,0,2.2,1,1,959
959,Surface Laptop,9,4,13.5,27,8,99,31,256,0,1.252,3,2,960
960,15-BS028nv (i3-6006U/4GB/1TB/Radeon,7,5,15.6,10,4,45,44,0,1000,2.1,3,3,961
961,ROG Strix,19,3,15.6,31,8,54,103,128,1000,2.3,3,3,962
962,IdeaPad 320-15ISK,14,5,15.6,10,4,45,53,256,0,2.2,1,1,963
963,XPS 13,2,6,13.3,23,16,69,47,256,0,1.22,3,3,964
964,Aspire 5,4,5,15.6,16,8,5,88,256,0,2.2,3,3,965
965,Portege X30-D-10L,3,4,13.3,23,32,84,8,512,0,1.05,3,3,966
966,Tecra A50-C-218,3,5,15.6,31,16,25,48,256,0,2.4,3,3,967
967,Inspiron 3567,2,5,15.6,10,4,2,5,0,500,2.3,3,3,968
968,XPS 13,2,6,13.3,32,8,1,47,256,0,1.24,3,3,969
969,GE72MVR 7RG,17,3,17.3,10,16,54,79,256,1000,2.9,3,3,970
970,Aspire 5,4,5,17.3,31,4,91,85,0,1000,3.0,3,3,971
971,250 G6,7,5,15.6,16,4,2,8,0,500,1.86,1,1,972
972,X541NA-GO121 (N4200/4GB/1TB/Linux),19,5,15.6,16,4,61,60,0,1000,2.0,2,1,973
973,320-15ISK (i3-6006U/4GB/1TB/GeForce,14,5,15.6,10,4,45,49,0,1000,2.2,3,3,974
974,250 G6,7,5,15.6,10,8,2,8,256,0,1.96,3,3,975
975,L403NA-GA013TS (N3350/4GB/32GB/W10),19,5,14.0,16,4,62,13,32,0,1.5,3,3,976
976,Inspiron 3576,2,5,15.6,10,8,58,44,256,0,2.2,2,1,977
977,Tecra X40-D-10H,3,4,14.0,23,16,84,8,512,0,1.24,3,3,978
978,Inspiron 5579,2,6,15.6,23,8,31,12,256,0,1.56,3,3,979
979,IdeaPad 320-15AST,14,5,15.6,16,4,65,70,128,0,2.2,3,3,980
980,Thinkpad P71,14,5,17.3,31,8,54,36,256,0,3.4,3,3,981
981,ROG G752VSK-GC493T,19,3,17.3,10,16,54,56,256,1000,4.3,3,3,982
982,GE63VR 7RE,17,3,15.6,31,16,54,103,256,1000,2.4,3,3,983
983,Vostro 3568,2,5,15.6,10,4,2,66,128,0,2.18,2,1,984
984,Omen 17-W006na,7,3,17.3,31,8,90,2,128,1000,2.75,3,3,985
985,Inspiron 3567,2,5,15.6,10,8,2,5,0,1000,2.24,3,3,986
986,ThinkPad E580,14,5,15.6,31,8,58,106,256,1000,2.1,3,3,987
987,Aspire 5,4,5,15.6,16,4,45,15,0,500,2.2,3,3,988
988,Yoga 900-13ISK,14,6,13.3,15,16,94,14,1000,0,1.3,3,3,989
989,Latitude 5580,2,5,15.6,10,8,88,8,256,0,1.9,3,3,990
990,X541UA-DM1897 (i3-6006U/4GB/256GB/FHD/Linux),19,5,15.6,10,4,45,53,256,0,2.0,2,1,991
991,IdeaPad 100S-14IBR,14,5,14.0,16,2,30,105,32,0,1.42,3,3,992
992,GP62M 7REX,17,3,15.6,10,16,54,43,256,1000,2.2,3,3,993
993,255 G6,7,5,15.6,16,4,7,23,256,0,1.86,3,3,994
994,Latitude E5270,2,4,12.5,16,4,19,53,128,0,1.5,3,5,995
995,Tecra Z50-D-10E,3,5,15.6,31,8,2,8,256,0,2.0,3,3,996
996,15-BW094nd (A6-9220/8GB/128GB/W10),7,5,15.6,16,8,13,23,128,0,1.91,3,3,997
997,250 G6,7,5,15.6,16,4,45,44,0,500,1.86,3,3,998
998,Precision 3520,2,1,15.6,10,8,63,90,64,1000,2.23,3,3,999
999,Chromebook N23,14,2,11.6,16,4,30,105,16,0,1.25,5,1,1000
1000,XPS 13,2,4,13.3,32,8,2,8,256,0,1.29,3,3,1001
1001,Thinkpad T560,14,5,15.6,31,8,55,53,256,0,2.3,3,3,1002
1002,XPS 13,2,6,13.3,32,16,69,47,512,0,1.22,3,3,1003
1003,Inspiron 3567,2,5,15.6,16,4,45,5,0,1000,2.2,3,3,1004
1004,Aspire A315-51,4,5,15.6,16,4,45,53,0,1000,2.1,3,3,1005
1005,XPS 13,2,4,13.3,32,16,84,8,512,0,1.2,3,3,1006
1006,EliteBook 850,7,4,15.6,10,8,84,8,512,0,1.84,3,3,1007
1007,Yoga 900S-12ISK,14,4,12.5,19,8,22,82,512,0,0.99,3,3,1008
1008,IdeaPad 320-15IAP,14,5,15.6,16,4,62,13,0,1000,2.2,3,3,1009
1009,255 G6,7,5,15.6,16,4,7,23,0,500,1.86,3,3,1010
1010,Latitude 5580,2,5,15.6,10,8,99,65,256,0,1.93,3,3,1011
1011,Alienware 17,2,3,17.3,10,32,81,79,256,1000,4.42,3,3,1012
1012,Aspire E5-576G,4,5,15.6,10,4,2,19,0,1000,2.23,3,3,1013
1013,Yoga 920-13IKB,14,6,13.9,13,16,31,12,512,0,1.4,3,3,1014
1014,IdeaPad 310-15IKB,14,5,15.6,10,6,2,102,256,0,2.4,3,3,1015
1015,15-bw011nv (A6-9220/4GB/1TB/FHD/W10),7,5,15.6,10,4,7,25,0,1000,2.1,3,3,1016
1016,Spectre x360,7,6,13.3,13,8,58,12,256,0,1.29,3,3,1017
1017,17-X047na (i3-6006U/8GB/1TB/W10),7,5,17.3,1,8,45,53,0,1000,2.65,3,3,1018
1018,Latitude 7480,2,4,14.0,10,8,99,8,256,0,1.36,3,3,1019
1019,GE72VR Apache,17,3,17.3,10,16,54,103,256,1000,2.7,3,3,1020
1020,E402WA-GA010T (E2-6110/2GB/32GB/W10),19,5,14.0,16,2,9,108,32,0,1.65,3,3,1021
1021,IdeaPad 320-15AST,14,5,15.6,16,4,105,23,0,500,2.2,1,1,1022
1022,ThinkPad X1,14,4,14.0,31,8,2,8,256,0,1.13,3,3,1023
1023,IdeaPad 320-15IKBN,14,5,15.6,10,4,2,8,0,1000,2.2,1,1,1024
1024,XPS 13,2,4,13.3,5,16,31,12,512,0,1.2,3,3,1025
1025,Thinkpad T470s,14,4,14.0,10,8,84,8,256,0,1.32,3,3,1026
1026,Aspire 1,4,5,14.0,10,4,44,13,32,0,1.6,3,3,1027
1027,255 G6,7,5,15.6,16,4,109,108,0,500,1.86,1,1,1028
1028,Rog GL553VE-FY052T,19,3,15.6,31,16,54,43,256,1000,2.5,3,3,1029
1029,250 G6,7,5,15.6,16,4,30,105,0,1000,1.86,1,1,1030
1030,Inspiron 7577,2,3,15.6,21,16,54,103,512,1000,2.65,3,3,1031
1031,Rog GL753VD-GC082T,19,3,17.3,10,12,43,42,128,1000,2.2,3,3,1032
1032,SmartBook 130,13,5,13.3,31,4,85,87,32,0,1.35,3,3,1033
1033,GS63VR 7RF,17,3,15.6,22,16,54,103,256,2000,1.8,3,3,1034
1034,Aspire 3,4,5,15.6,16,4,45,53,128,0,2.1,2,1,1035
1035,V310-15ISK (i3-6006U/4GB/500GB/No,14,5,15.6,16,4,45,53,0,500,1.9,1,1,1036
1036,250 G6,7,5,15.6,16,4,45,53,0,500,1.86,1,1,1037
1037,X541NA (N3350/4GB/1TB/Linux),19,5,15.6,16,4,62,13,0,1000,2.0,2,1,1038
1038,V110-15IKB (i5-7200U/4GB/128GB/W10),14,5,15.6,16,4,2,8,128,0,1.9,3,3,1039
1039,MacBook Pro,5,4,13.3,35,8,115,35,256,0,1.37,6,1,1040
1040,Predator G9-793,4,3,17.3,31,16,54,103,256,1000,4.2,3,3,1041
1041,250 G5,7,5,15.6,16,4,2,8,0,500,1.96,1,1,1042
1042,ZenBook Pro,19,4,15.6,10,16,54,43,512,0,1.8,3,3,1043
1043,Inspiron 3567,2,5,15.6,9,6,41,8,0,1000,2.3,3,3,1044
1044,EliteBook 850,7,5,15.6,10,8,118,53,256,0,1.84,3,3,1045
1045,V310-15ISK (i3-6006U/4GB/1TB/FHD/W10),14,5,15.6,10,4,45,53,0,1000,1.85,3,3,1046
1046,Aspire 3,4,5,15.6,16,4,34,13,0,1000,2.1,2,1,1047
1047,V310-15ISK (i5-7200U/4GB/1TB/FHD/W10),14,5,15.6,10,4,2,8,0,1000,1.9,3,3,1048
1048,GT80S 6QE,17,3,17.3,10,16,111,56,128,1000,4.5,3,3,1049
1049,R417NA-RS01 (N3350/4GB/32GB/W10),19,5,14.0,16,4,62,13,32,0,1.63,3,3,1050
1050,Vostro 3568,2,5,15.6,16,4,113,53,0,1000,2.18,3,3,1051
1051,ProBook 450,7,5,15.6,16,4,19,53,0,500,2.07,3,3,1052
1052,Laptop MSI,17,3,17.3,10,16,111,37,128,1000,4.14,3,3,1053
1053,Envy 13-AB020nr,7,4,13.3,6,8,84,8,256,0,1.34,3,3,1054
1054,Chromebook 11,4,2,11.6,29,4,30,105,32,0,1.35,5,1,1055
1055,Omen 17-W295,7,3,17.3,31,16,54,42,256,1000,3.35,3,3,1056
1056,IdeaPad 320-15IAP,14,5,15.6,16,4,62,13,0,1000,2.2,1,1,1057
1057,ROG Strix,19,3,15.6,31,8,43,103,128,1000,2.3,3,3,1058
1058,K146 (N3350/4GB/32GB/W10),10,5,14.0,36,4,62,13,32,0,1.22,3,3,1059
1059,MacBook Pro,5,4,15.4,4,16,86,41,512,0,1.83,6,1,1060
1060,L502NA-GO052T (N3350/4GB/128GB/W10),19,5,15.6,16,4,62,13,128,0,1.86,3,3,1061
1061,Extensa EX2540-58KR,4,5,15.6,16,4,2,8,0,500,2.4,3,3,1062
1062,ZBook 17,7,1,17.3,31,8,81,39,256,0,3.0,3,5,1063
1063,Precision 3520,2,1,15.6,31,16,101,90,512,0,2.17,3,3,1064
1064,ThinkPad T570,14,5,15.6,31,8,2,8,512,0,1.95,3,3,1065
1065,15-bw000nv (E2-9000e/4GB/500GB/Radeon,7,5,15.6,10,4,109,108,0,500,2.1,3,3,1066
1066,VivoBook Flip,19,6,11.6,9,4,62,13,32,0,1.5,3,3,1067
1067,250 G6,7,5,15.6,16,4,2,8,0,1000,1.86,3,3,1068
1068,Precision 7720,2,1,17.3,10,16,26,22,256,0,3.42,3,3,1069
1069,EliteBook 820,7,2,12.5,10,8,3,53,256,0,1.26,3,3,1070
1070,ThinkPad T470s,14,5,14.0,31,8,59,8,256,0,1.32,3,3,1071
1071,Satellite Pro,3,5,15.6,16,4,50,53,0,500,2.1,3,3,1072
1072,Chromebook 14,4,5,14.0,16,4,30,105,32,0,1.68,5,1,1073
1073,ROG G701VI,19,3,17.3,31,32,111,99,512,0,3.8,3,3,1074
1074,Notebook 9,1,4,15.0,10,8,84,8,256,0,1.17,3,3,1075
1075,Surface Laptop,9,4,13.5,27,16,56,31,512,0,1.25,3,2,1076
1076,Vostro 3568,2,5,15.6,16,4,41,8,128,0,2.18,3,3,1077
1077,15-bs023nv (i3-6006U/4GB/1TB/FHD/W10),7,5,15.6,10,4,45,53,0,1000,2.1,3,3,1078
1078,MateBook X,16,4,13.0,18,8,2,8,256,0,1.05,3,3,1079
1079,Satellite Pro,3,5,15.6,16,8,2,8,128,0,2.0,3,3,1080
1080,Inspiron 3567,2,5,15.6,16,4,113,5,0,1000,2.25,2,1,1081
1081,Thinkpad P51s,14,1,15.6,21,16,99,104,1000,0,2.5,3,3,1082
1082,Legion Y720-15IKB,14,3,15.6,31,16,54,103,512,1000,3.2,3,3,1083
1083,Inspiron 3567,2,5,15.6,9,8,2,8,0,2000,2.36,3,3,1084
1084,GE63VR 7RF,17,3,15.6,31,16,54,79,256,1000,2.8,3,3,1085
1085,EliteBook x360,7,6,13.3,23,8,99,8,256,0,1.28,3,3,1086
1086,IdeaPad Y900-17ISK,14,3,17.3,31,16,81,56,128,1000,4.6,3,3,1087
1087,Notebook 9,1,4,15.0,10,16,84,19,256,0,1.23,3,3,1088
1088,Chromebook 14,4,5,14.0,16,4,35,9,32,0,1.45,5,1,1089
1089,Aspire A315-51,4,5,15.6,16,4,45,53,0,1000,2.1,2,1,1090
1090,IdeaPad 320-15IKBN,14,5,15.6,10,4,2,102,0,1000,2.2,1,1,1091
1091,ThinkPad X1,14,6,14.0,19,8,25,53,256,0,1.27,3,3,1092
1092,Chromebook C910-C2ST,4,5,15.6,16,2,72,87,16,0,2.19,5,1,1093
1093,ThinkPad Yoga,14,6,13.3,24,8,2,8,512,0,1.37,3,3,1094
1094,Blade Pro,11,3,17.3,26,32,96,99,512,0,3.49,3,3,1095
1095,VivoBook E201NA,19,2,11.6,16,4,62,13,64,0,1.2,3,2,1096
1096,GS43VR 7RE,17,3,14.0,31,16,54,103,256,1000,1.6,3,3,1097
1097,XPS 15,2,5,15.6,26,8,43,42,256,0,2.06,3,3,1098
1098,Yoga 11e,14,2,11.6,29,4,44,13,128,0,1.59,3,3,1099
1099,ThinkPad X1,14,6,14.0,38,16,84,8,512,0,1.42,3,3,1100
1100,XPS 13,2,6,13.3,23,8,1,47,256,0,1.24,3,3,1101
1101,XPS 13,2,4,13.3,13,16,31,12,1000,0,1.21,3,3,1102
1102,Gram 15Z970,15,4,15.6,24,16,84,8,512,0,1.08,3,3,1103
1103,250 G4,7,5,15.6,16,4,3,53,0,500,2.1,1,1,1104
1104,Alienware 17,2,3,15.6,21,16,54,79,256,1000,4.42,3,3,1105
1105,GS73VR Stealth,17,3,17.3,31,16,81,103,256,1000,2.43,3,3,1106
1106,EliteBook 1030,7,4,13.3,15,16,22,82,512,0,1.16,3,3,1107
1107,Alienware 17,2,3,17.3,31,32,54,63,1000,1000,4.42,3,3,1108
1108,SmartBook 141,13,5,14.0,10,4,85,87,32,0,1.4,3,3,1109
1109,V110-15ISK (i5-6200U/4GB/500GB/W10),14,5,15.6,16,4,3,53,0,500,2.1,3,3,1110
1110,Insprion 5767,2,5,17.3,1,4,113,1,0,1000,2.36,3,3,1111
1111,LapBook 12.3,12,5,12.3,12,6,44,13,64,0,1.4,3,3,1112
1112,ThinkPad P70,14,5,17.3,21,16,101,107,512,0,2.4,3,5,1113
1113,GS63VR 6RF,17,3,15.6,10,16,81,103,256,1000,1.8,3,3,1114
1114,IdeaPad Y900-17ISK,14,3,17.3,31,32,111,56,762,750,4.6,3,3,1115
1115,XPS 13,2,4,13.3,32,8,58,12,256,0,1.23,3,3,1116
1116,Aspire E5-475,4,5,14.0,16,8,45,53,0,1000,2.1,3,3,1117
1117,VivoBook Flip,19,6,11.6,9,2,62,13,32,0,1.1,3,3,1118
1118,Thinkpad P50,14,5,15.6,22,16,101,6,512,0,2.5,3,5,1119
1119,Blade Pro,11,3,14.0,10,16,54,103,1000,0,1.95,3,3,1120
1120,Inspiron 7567,2,3,15.6,22,16,54,43,512,0,2.62,3,3,1121
1121,EliteBook 850,7,4,15.6,10,8,25,53,256,0,1.88,3,5,1122
1122,FlexBook Edge,13,6,11.6,24,4,62,13,32,0,1.16,3,3,1123
1123,Rog Strix,19,3,17.3,10,16,73,24,256,1000,3.2,3,3,1124
1124,XPS 15,2,5,15.6,26,32,54,42,1000,0,2.06,3,3,1125
1125,Blade Pro,11,3,14.0,10,16,54,103,256,0,1.95,3,3,1126
1126,Alienware 17,2,3,17.3,31,16,54,79,128,1000,4.42,3,3,1127
1127,ThinkPad X1,14,4,14.0,31,8,84,8,256,0,1.13,3,3,1128
1128,IdeaPad 320-15ISK,14,5,15.6,10,4,45,53,0,500,2.2,3,3,1129
1129,Inspiron 3552,2,5,15.6,16,4,12,87,0,500,2.2,2,1,1130
1130,V110-15ISK (i3-6006U/4GB/500GB/W10),14,5,15.6,16,4,45,53,0,500,2.1,3,3,1131
1131,250 G6,7,5,15.6,10,8,2,8,0,1000,1.86,3,3,1132
1132,Rog G752VY-GC229T,19,3,17.3,31,16,81,56,512,1000,4.3,3,3,1133
1133,ZBook 15,7,1,15.6,31,8,81,73,256,0,2.59,3,5,1134
1134,C740-C9QX (3205U/2GB/32GB/Chrome,4,2,11.6,16,2,72,87,32,0,1.3,5,1,1135
1135,250 G6,7,5,15.6,10,4,45,53,0,500,1.86,3,3,1136
1136,Inspiron 3567,2,5,15.6,16,4,113,53,0,1000,2.25,2,1,1137
1137,V310-15ISK (i5-6200U/4GB/1TB/FHD/No,14,5,15.6,10,4,3,53,0,1000,2.15,1,1,1138
1138,ThinkPad X1,14,6,14.0,19,8,2,8,256,0,1.42,3,3,1139
1139,ThinkPad T470s,14,4,14.0,37,24,84,8,512,0,1.32,3,3,1140
1140,Alienware 17,2,3,17.3,31,32,54,79,256,1000,4.42,3,3,1141
1141,Aspire 3,4,5,15.6,16,4,91,8,0,1000,2.1,2,1,1142
1142,Vostro 3568,2,5,15.6,16,4,45,66,0,1000,2.18,2,1,1143
1143,Thinkpad X1,14,4,14.0,8,16,55,53,512,0,1.1,3,3,1144
1144,Thinkpad T570,14,1,15.6,21,16,99,19,512,0,2.3,3,3,1145
1145,IdeaPad 100S-14IBR,14,5,14.0,16,4,30,87,32,0,1.43,3,3,1146
1146,Stream 14-AX001nv,7,5,14.0,16,2,30,105,32,0,1.44,3,3,1147
1147,V110-15ISK (i3-6006U/4GB/1TB/Radeon,14,5,15.6,16,4,45,5,0,1000,1.9,1,1,1148
1148,TravelMate B,4,2,11.6,16,4,30,105,128,0,1.4,3,3,1149
1149,MacBook Pro,5,4,15.4,4,16,38,38,256,0,1.83,6,1,1150
1150,ThinkPad T460s,14,4,14.0,10,12,55,53,512,0,1.4,3,5,1151
1151,V110-15ISK (i5-6200U/4GB/500GB/No,14,5,15.6,16,4,3,53,0,500,2.1,1,1,1152
1152,Aspire 3,4,5,15.6,16,4,18,52,0,1000,2.1,3,3,1153
1153,Blade Pro,11,3,14.0,10,16,54,103,512,0,1.95,3,3,1154
1154,ThinkPad T470p,14,4,14.0,31,8,54,93,256,0,1.96,3,3,1155
1155,VivoBook E12,19,2,11.6,16,2,62,13,32,0,1.1,3,3,1156
1156,ZBook 17,7,1,17.3,1,8,88,22,0,500,3.14,3,3,1157
1157,V110-15ISK (3855U/4GB/500GB/W10),14,5,15.6,16,4,35,9,0,500,2.1,3,3,1158
1158,GS73VR 7RG,17,3,17.3,10,16,54,79,256,2000,2.43,3,3,1159
1159,VivoBook E403NA,19,5,14.0,16,4,62,13,32,0,1.5,3,3,1160
1160,ThinkPad T470s,14,4,14.0,10,16,84,8,512,0,1.7,3,3,1161
1161,Thinkpad Yoga,14,6,14.0,38,16,84,8,1000,0,1.42,3,3,1162
1162,Alienware 17,2,3,17.3,31,16,54,103,256,1000,4.42,3,3,1163
1163,15-rb013nv (E2-9000e/4GB/500GB/W10),7,5,15.6,16,4,40,108,0,500,2.1,3,3,1164
1164,Blade Pro,11,3,17.3,26,32,96,99,1000,0,3.49,3,3,1165
1165,V310-15ISK (i3-6006U/4GB/128GB/FHD/No,14,5,15.6,10,4,45,53,128,0,1.85,1,1,1166
1166,Alienware 17,2,3,17.3,21,32,54,79,512,1000,4.42,3,3,1167
1167,ZBook 15,7,1,15.6,10,16,54,10,256,0,2.6,3,3,1168
1168,GT80S 6QF-074US,17,3,18.4,10,32,57,75,512,1000,4.4,3,3,1169
1169,X555BP-XX180T (A9-9420/4GB/1TB/Radeon,19,5,15.6,16,4,18,66,0,1000,2.03,3,3,1170
1170,X540UA-DM186 (i3-6006U/4GB/1TB/FHD/Linux),19,5,15.6,10,4,45,8,0,1000,2.0,2,1,1171
1171,Spectre Pro,7,6,13.3,38,8,55,53,512,0,1.48,3,3,1172
1172,V142 (X5-Z8350/2GB/32GB/W10),10,5,14.0,16,2,6,105,32,0,1.45,3,3,1173
1173,Aspire 3,4,5,15.6,16,4,34,13,0,500,2.1,3,3,1174
1174,Alienware 17,2,3,17.3,20,16,96,79,256,1000,4.42,3,3,1175
1175,110-15ACL (A6-7310/4GB/500GB/W10),14,5,15.6,16,4,20,25,0,500,2.19,3,3,1176
1176,Precision M5520,2,1,15.6,26,8,54,22,256,0,1.78,3,3,1177
1177,MacBook Pro,5,4,13.3,35,8,89,100,512,0,1.37,6,1,1178
1178,IdeaPad 320-15ISK,14,5,15.6,16,8,45,49,0,2000,2.2,1,1,1179
1179,GT73VR Titan,17,3,17.3,10,16,96,79,512,1000,4.14,3,3,1180
1180,PortÃ©gÃ© Z30-C-16K,3,4,13.3,10,8,3,53,256,0,1.2,3,3,1181
1181,Aspire A315-31,4,5,15.6,16,4,61,60,0,1000,2.1,2,1,1182
1182,Alienware 17,2,3,17.3,31,16,54,103,128,1000,4.36,3,3,1183
1183,15-bs002nv (i3-6006U/4GB/128GB/FHD/W10),7,5,15.6,10,4,45,53,128,0,1.91,3,3,1184
1184,IdeaPad Y910-17ISK,14,3,17.3,31,32,111,79,256,1000,4.6,3,3,1185
1185,VivoBook X540YA-XX519T,19,5,15.6,16,4,15,70,0,500,2.0,3,3,1186
1186,EliteBook 1040,7,5,14.0,10,8,25,53,256,0,1.43,3,3,1187
1187,E402WA-GA007T (E2-6110/4GB/64GB/W10,19,5,14.0,16,4,23,108,64,0,1.65,3,2,1188
1188,IdeaPad 110-17ACL,14,5,17.3,1,4,4,77,0,500,2.8,3,3,1189
1189,Predator G9-793,4,3,17.3,31,16,54,79,256,1000,4.2,3,3,1190
1190,15-bs015dx (i5-7200U/8GB/1TB/W10),7,5,15.6,9,8,2,8,0,1000,2.04,3,3,1191
1191,ZBook Studio,7,1,15.6,31,8,101,73,8,0,2.0,3,3,1192
1192,Smartbook 142,13,5,14.0,25,4,67,105,0,32,1.4,3,3,1193
1193,Rog GL702VS-BA023T,19,3,17.3,10,16,54,79,256,1000,2.9,3,3,1194
1194,GT62VR 7RE,17,3,15.6,10,16,54,79,256,1000,2.94,3,3,1195
1195,ThinkPad X1,14,6,14.0,38,16,55,53,512,0,1.36,3,3,1196
1196,ROG Zephyrus,19,3,15.6,10,24,54,110,512,0,2.24,3,3,1197
1197,X540SA-RBPDN09 (N3710/4GB/1TB/W10),19,5,15.6,16,4,12,16,0,1000,2.65,3,3,1198
1198,K147 (N3350/4GB/32GB/FHD/W10),10,5,14.0,31,4,62,13,32,0,1.3,3,3,1199
1199,"Lapbook 15,6",12,5,15.6,10,4,85,87,64,0,1.89,3,3,1200
1200,V110-15IAP (N3350/4GB/1TB/No,14,5,15.6,16,4,62,13,0,1000,1.9,1,1,1201
1201,Chromebook 11,2,2,11.6,16,4,30,105,16,0,1.26,5,1,1202
1202,Spectre x360,7,6,13.3,13,16,31,12,1000,0,1.29,3,3,1203
1203,Rog G752VS-BA171T,19,3,17.3,31,16,81,79,256,1000,4.3,3,3,1204
1204,Alienware 17,2,3,17.3,31,16,54,79,256,1000,4.42,3,3,1205
1205,Latitude E7470,2,4,14.0,38,8,55,53,256,0,1.5,3,3,1206
1206,VivoBook L402NA,19,5,14.1,16,4,62,13,32,0,1.65,3,3,1207
1207,Precision M5520,2,1,15.6,10,8,54,22,256,0,1.78,3,3,1208
1208,15-ra044nv (N3060/4GB/500GB/W10),7,5,15.6,16,4,30,105,0,500,2.1,3,3,1209
1209,Thinkpad X1,14,4,14.0,20,16,84,8,1000,0,1.13,3,3,1210
1210,IdeaPad 320-15AST,14,5,15.6,16,4,39,70,0,500,2.2,3,3,1211
1211,Thinkpad P51,14,5,15.6,21,32,110,18,1000,0,2.5,3,3,1212
1212,GT72S Dominator,17,3,17.3,10,16,101,56,256,1000,3.78,3,3,1213
1213,ThinkPad X1,14,6,14.0,19,16,55,53,512,0,2.8,3,3,1214
1214,TravelMate B117-M,4,2,11.6,16,4,60,87,32,0,1.4,3,3,1215
1215,IdeaPad 120S-14IAP,14,5,14.0,16,4,62,13,64,0,1.44,3,3,1216
1216,EliteBook 840,7,4,14.0,10,8,25,53,512,0,1.54,3,5,1217
1217,Rog GL502VS,19,3,15.6,31,16,81,79,256,1000,2.34,3,3,1218
1218,ThinkPad X1,14,6,14.0,38,8,84,8,256,0,1.42,3,3,1219
1219,GT72VR Dominator,17,3,17.3,10,16,54,79,256,1000,3.78,3,3,1220
1220,250 G6,7,5,15.6,16,4,30,105,128,0,1.86,1,1,1221
1221,Spin SP111-31,4,6,11.6,24,4,47,13,32,0,1.25,3,3,1222
1222,Alienware 17,2,3,17.3,21,16,54,79,512,1000,4.36,3,3,1223
1223,XPS 15,2,5,15.6,26,16,54,42,1000,0,2.06,3,3,1224
1224,Chromebook CB5-571-C1DZ,4,5,15.6,31,4,72,87,16,0,2.2,5,1,1225
1225,Elitebook Folio,7,4,12.5,26,8,22,82,240,0,1.09,3,3,1226
1226,GE73VR 7RF,17,3,17.3,10,16,54,79,256,1000,2.8,3,3,1227
1227,VivoBook E403NA,19,5,14.0,10,4,62,13,32,0,1.5,3,3,1228
1228,Chromebook 15,4,5,15.6,16,4,72,87,16,0,2.2,5,1,1229
1229,Rog G701VIK-BA060T,19,3,17.3,10,16,96,99,256,0,3.6,3,3,1230
1230,Thinkpad X1,14,4,14.0,20,8,84,8,512,0,1.13,3,3,1231
1231,ROG G703VI-E5062T,19,3,17.3,10,32,96,99,512,1000,4.7,3,3,1232
1232,IdeaPad 320-15IAP,14,5,15.6,16,4,61,60,0,1000,2.2,1,1,1233
1233,Stream 14-AX000nv,7,5,14.0,16,2,30,105,32,0,1.44,3,3,1234
1234,IdeaPad 320-14IAP,14,5,14.0,16,4,62,13,0,500,2.1,3,3,1235
1235,Precision 7520,2,1,15.6,22,16,63,22,256,1000,2.8,3,3,1236
1236,Thinkpad P51,14,5,15.6,10,16,26,18,512,0,2.5,3,3,1237
1237,V110-15IAP (N3350/4GB/128GB/No,14,5,15.6,16,4,62,13,128,0,1.9,1,1,1238
1238,IdeaPad 320-15IAP,14,5,15.6,10,4,61,60,0,500,2.2,3,3,1239
1239,Chromebook 14,4,5,14.0,16,2,30,105,32,0,1.68,5,1,1240
1240,Rog Strix,19,3,15.6,10,16,54,79,256,1000,2.2,3,3,1241
1241,V131 (X5-Z8350/4GB/32GB/FHD/W10),10,5,13.3,10,4,6,105,32,0,1.35,3,3,1242
1242,X541NA (N3350/4GB/1TB/FHD/W10),19,5,15.6,10,4,62,13,0,1000,2.0,3,3,1243
1243,Thinkpad X1,14,4,14.0,31,8,84,8,512,0,1.13,3,3,1244
1244,Inspiron 3552,2,5,15.6,16,4,30,87,0,500,2.2,2,1,1245
1245,GT73EVR 7RE,17,3,17.3,10,16,54,79,512,1000,4.14,3,3,1246
1246,XPS 15,2,5,15.6,30,8,90,27,256,0,2.04,3,3,1247
1247,15-bs018nq (i3-6006U/4GB/500GB/FHD/No,7,5,15.6,10,4,45,53,0,500,2.1,1,1,1248
1248,Alienware 17,2,3,17.3,37,16,111,99,512,1000,4.36,3,3,1249
1249,Alienware 15,2,3,15.6,10,16,54,79,256,1000,3.21,3,3,1250
1250,250 G6,7,5,15.6,10,4,45,53,0,500,1.86,1,1,1251
